,age,weight,height
Anthony Jelonch,26,111,193
Bernard Le Roux,33,113,196
Cameron Woki,24,105,196
Charles Ollivon,29,108,199
Cyril Baille,29,112,182
Daniel Bibi Bizuwu,0,0,0
Dany Priso,29,110,182
Demba Bamba,24,119,185
Dylan Cretin,25,101,195
Florent Vanverberghe,0,0,0
Florian Verhaeghe,25,103,202
Francois Cros,28,97,190
Gaeton Barlot,0,0,0
Gregory Alldritt,0,0,0
Ibrahim Diallo,0,0,0
Jean-Baptiste Gros,23,123,195
Julien Marchand,27,95,181
Mohammed Haouas,28,118,185
Paul Boudehent,0,0,0
Paul Willemse,30,127,200
Peato Mauvaka,26,115,184
Pierre Bourgarit,25,105,184
Romain Taofifenua,32,121,200
Sebastien Taofifenua,30,122,178
Sekou Macalou,27,90,195
Selevasio Tolofua,25,100,186
Sipili Falatea,0,0,0
Thibaud Flament,0,0,0
Thomas Jolmes,27,103,203
Thomas Lavault,0,0,0
Uini Atonio,32,145,197
Yoan Tanga Mangene,29,94,182
Antoine Dupont,26,82,174
Antoine Hastoy,25,83,180
Baptiste Couilloud,25,77,175
Brice Dulin,32,82,176
Damian Penaud,26,93,188
GabinVillière,0,0,0
Gael Fickou,28,99,190
Jonathan Danty,30,93,181
Jules Favre,0,0,0
Leo Berdeu,24,95,195
Matthieu Jalibert,24,81,180
Matthis Lebel,23,104,184
Max Spring,0,0,0
Maxime Lucu,0,0,0
Melvyn Jaminet,0,0,0
Romain Ntamack,23,82,186
Tani Vili,0,0,0
Teddy Thomas,29,90,185
Thomas Ramos,27,80,178
Virimi Vakatawa,30,92,185
Yoram Moefana,0,0,0
Aidan Ross,27,111,189
Akira Ioane,27,113,194
Angus Taavao-Matau,32,127,194
Ardie Savea,29,99,190
Brodie Retallick,31,120,204
Codie Taylor,31,106,183
Dalton Papali'i,25,95,191
Dane Coles,36,110,184
Ethan De Groot,0,0,0
George Bower,0,120,186
Hoskins Sotutu,24,106,192
Karl Tuinukuafe,29,135,186
Nepo Laulala,31,116,184
Ofa Tuungafasi,30,125,195
Patrick Tuipulotu,30,123,198
Pita Sowakula,28,110,195
Sam Cane,31,105,189
Samisoni Taukei'aho,25,115,183
Samuel Whitelock,34,120,203
Scott Barrett,29,112,197
Shannon Frizell,29,108,195
Tupou Vaai,0,0,0
Tyrel Lomax,26,127,192
Aaron Smith,34,83,169
Anton Lienert-Brown,27,103,187
Beauden Barrett,31,91,187
Braydon Ennor,25,92,186
Caleb Clarke,23,103,187
David Kaetau Havili,28,88,184
Finlay Christie,28,80,181
Fletcher Newell,0,0,0
Folau Fakatava,0,0,0
Jordie Barrett,25,96,195
Leicester Fainga'anuku,23,104,188
Quinn Tupaea,0,0,0
Richie Mo'unga,28,86,179
Rieko Ioane,25,103,188
Roger Tuivasa-Sheck,0,0,0
Sevu Reece,25,87,179
Stephen Perofeta,25,85,180
Will Jordan,24,91,188
AndreaZambonin,0,0,0
Braam Steyn,30,110,193
Cherif Traore,28,116,184
Danilo Fischetti,0,0,0
David Sisi,30,117,193
Federico Ruzza,28,108,198
Giacomo Nicotera,26,102,183
Gianmarco Lucchesi,22,110,184
Giosue Zilocchi,26,106,186
Giovanni Pettinelli,26,108,193
Hame Faiva,0,0,0
Ivan Nemer,24,116,180
Luca Bigi,31,106,182
Manuel Zuliani,22,108,188
Marco Fuser,31,124,198
Michele Lamaro,24,103,188
Niccolo Cannone,24,120,197
Pietro Ceccarelli,30,110,184
Sebastian Negri da Ollegio,0,0,0
Tiziano Pasquali,28,111,183
Toa Halafihi,29,106,189
Alessandro Fusco,23,82,183
Ange Capuozzo,0,0,0
Callum Braley,0,0,0
Edoardo Padovani,29,95,191
Federico Mori,0,0,0
Giacomo Da Re,23,83,180
Juan Ignacio Brex,30,99,189
Leonardo Marin ,20,88,188
Luca Morisi,31,99,183
Marco Zanon,25,97,186
Mark Sorenson,0,0,0
Monty Ioane,0,0,0
Paolo Garbisi,0,0,0
Pierre Bruno,26,92,178
Stephen Varney,0,0,0
Tommaso Menoncello,20,90,186
Diego Arbelo,0,0,0
Eric dos Santos Madeira,0,0,0
Franco Lamanna,0,0,0
German Kessler,0,0,0
Kisi Pulu,0,0,0
Luke Crocker,0,0,0
Manuel Ardao,0,0,0
Manuel Diana,0,0,0
Manuel Leindekar,0,0,0
Mateo Sanguinetti,0,0,0
Santiago Civetta,0,0,0
Agustin Ormaechea,0,0,0
Diego Magno,0,0,0
Facundo Gattas,0,0,0
Federico Favaro,0,0,0
Felipe Arcos Perez,0,0,0
Felipe Etcheverry,0,0,0
Gaston Mieres,0,0,0
Ignacio Péculo,0,0,0
Juan Manuel Alonso,0,0,0
Luca Crosato,0,0,0
Luca Scarsini,0,0,0
Mateo Vinals,0,0,0
Matias Benitez,0,0,0
Nicolas Freitas,0,0,0
Rodrigo Silva,0,0,0
Tomas Inciarte,0,0,0
Deon Fourie,36,101,178
Duane Vermeulen,36,117,193
Eben Etzebeth,31,117,203
Elrigh Louw,23,112,195
Franco Mostert ,0,0,0
Frans Malherbe,31,130,191
Jasper Wiese,0,0,0
Joeseph Dweba,27,107,180
Kwagga Smith,29,90,180
Lood De Jager,0,0,0
Malcolm Marx,28,114,189
Marcell Coetzee,31,116,193
Marvin Orie,29,113,198
Mbongeni Mbonami,32,108,175
Ox Nche,27,114,176
Pieter-Steph du Toit,30,115,200
Ruan Nortje,24,113,200
Rynhard Elstadt,33,116,193
Salmaan Moerat,24,117,199
Siya Kolisi,31,103,188
Steven Kitshoff,31,120,183
Thomas du Toit,27,128,189
Trevor Nyakane,33,120,178
Vincent Koch,32,118,185
Andre Esterhuizen,28,110,194
Aphelele Fassi,25,87,189
Canan Moodie,20,89,190
Cheslin Kolbe,29,80,171
Damian Willemse,24,91,187
Damian de Allende,31,105,190
Elton Jantjies,32,88,176
Evan Roos,23,108,192
Francois de Klerk,31,80,170
Frans Steyn,0,0,0
Grant Williams,26,80,174
Handre Pollard,28,98,189
Hershel Jantjies,26,75,167
Jacobus Reinach,33,87,175
Jaden Hendrikse,22,87,179
Jesse Kriel,28,98,186
Kurt-Lee Arendse,26,79,180
Lukhanyo Am,29,87,186
Makazole Mapimpi,32,91,184
Ntuthuko Mchunu,23,114,188
Warrick Gelant,27,92,180
Willie Le Roux,33,90,186
Andrew Porter,27,114,183
Caelan Doris,24,107,193
Cian Healy,35,117,185
Cian Prendergast,22,112,193
Dan Sheehan,24,111,191
Dave Heffernan,32,110,187
Dave Kilcoyne,34,118,185
Ed Byrne,29,114,180
Finlay Bealham,31,123,188
Gavin Coombes,25,110,198
Iain Henderson,30,116,198
Jack Conan,30,110,193
James Ryan,26,115,201
Jeremy Loughman,27,118,185
Joe McCarthy,21,119,198
Josh Van der Flier,29,103,188
Kieran Treadwell,27,115,198
Michael Bent,36,118,186
Niall Scannell,30,111,185
Nick Timoney,27,114,188
Peter O'Mahony,33,107,191
Rob Herring,32,105,185
Ronan Kelleher,25,105,183
Ryan Baird,23,113,198
Tadgh Beirne,31,113,198
Tadhg Furlong,30,125,183
Tom O'Toole,24,123,183
Andrew Conway,31,90,180
Bundee Aki,32,102,178
Ciaran Frawley,25,98,191
Conor Murray,33,94,188
Craig Casey,23,76,165
Garry Ringrose,28,96,188
Hugo Keenan,26,92,185
Jack Carty,30,88,183
James Hume,24,95,188
James Lowe,30,105,188
Jamison Gibson-Park,30,80,175
Jimmy O'Brien,26,88,183
Joey Carbery,27,86,183
Johnny Sexton,37,90,188
Jordan Larmour,25,90,178
Keith Earls,35,87,178
Michael Lowry,24,76,170
Robbie Henshaw,29,99,191
Robert Baloucoune,25,93,193
Simon Westraadt,0,0,0
Stuart McCloskey,30,111,193
Allan Dell,30,108,185
Andy Christie,0,0,0
David Cherry,32,107,183
Ewan Ashman,0,0,0
Fraser Brown,33,113,182
George Turner,30,105,180
Glen Young,28,112,201
Grant Gilchrist,32,118,201
Hamish Watson,31,102,186
Jack Dempsey,28,111,190
Jamie Bhattie,29,120,185
Jamie Hodgson,24,116,197
Jamie Ritchie,26,109,193
Javan Sebastian,28,123,175
Jonny Gray,28,119,198
Josh Bayliss,25,95,195
Luke Crosbie,25,108,196
Magnus Bradbury,27,110,194
Matt Fagerson,24,110,186
Nick Haining,32,116,193
Pierre Schoeman,28,118,186
Rory Darge,22,98,186
Rory Sutherland,30,113,183
Sam Skinner,28,116,196
Scott Cummings,26,115,198
Stuart McInally,32,110,191
WP Nel,0,0,0
Zander Fagerson,27,126,188
Adam Hastings,26,87,186
Ali Price,29,88,178
Ben Vellacott,27,80,168
Ben White,0,0,0
Blair Kinghorn,26,100,194
Cameron Redpath,0,0,0
Chris Harris,32,101,190
Darcy Graham,25,84,176
Duhan van der Merwe,27,106,194
Finn Russell,30,87,182
George Horne,27,79,175
Kyle Rowe,0,0,0
Kyle Steyn,29,102,183
Mark Bennett,30,91,183
Ollie Smith,22,85,188
Rory Hutchinson,27,85,181
Ross Thompson,23,86,183
Rufus McLean,22,84,178
Sam Johnson,29,95,186
Sione Tuipulotu,25,103,178
Stuart Hogg,30,93,180
Ben Betts,26,109,182
Ben Tameifuna,31,142,184
Dan Tuohy,37,112,190
Daniel Faleafa,33,105,192
David Lolohea,0,0,0
Don Lolo,0,0,0
Duke Nginingini,0,0,0
Fotu Lokotui,30,89,189
Ian Evans,0,0,0
Jay Fonokalafi,0,0,0
Jeremy Thrush,37,117,198
Jethro Felemi,0,0,0
Leva Fifita,33,116,195
Loni Uhila,33,125,181
Lopeti Timani,32,117,193
Lua Li,31,120,180
Ma'afu Fia,0,0,0
Maama Vaipulu,33,112,190
Mateaki Kafatolu,0,0,0
Nasi Manu,34,114,190
Nicola Cattina,0,0,0
Onehunga Havili,26,112,188
Paula Ngauamo,0,0,0
Sam Dickinson,38,105,193
Samiuela Moli,0,0,0
Shaun Knight,32,111,183
Siegfried Fisiihoi,35,125,184
Sila Puafisi,34,94,183
Sione Tuipolotu,25,115,195
Sione Vailanu,28,119,185
Siua Maile,0,0,0
Solomone Funaki,0,0,0
Tanginoa Halaifonua,26,85,187
Tom Johnson,0,0,0
Toma Taufa,0,0,0
Valentino Mapapalangi,29,112,194
Wandile Putuma,0,0,0
Zane Kapeli,33,130,189
Afeafe Haisila-Lokotui,0,0,0
Afusipa Taumoepeau,33,95,184
Aisea Halo,0,0,0
Atunaisa Manu,0,0,0
Cecil Afrika,0,0,0
Fine Inisi,0,0,0
Hosea Saumaki,30,106,190
JC Roos,0,0,0
JacopoTrulla,0,0,0
James Faiva,0,0,0
John Tapueluelu,26,89,187
Kali Hala,31,87,175
Kurt Morath,38,85,186
Leon Fukofuka,28,94,184
Luatangi Li,0,0,0
Maile Ngauamo,0,0,0
Mali Hingano,31,94,186
Malietoa Hingano,0,0,0
Nafi Tu'itavake,34,95,180
Nikolai Foliaki,0,0,0
Oliver Zono,0,0,0
Penikolo Latu,29,88,180
Robbie Fruean,0,0,0
Sam Vaka,30,97,187
Setefano Funaki,0,0,0
Solomone Kata,0,0,0
Sonatane Takulua,32,95,180
Tau Koloamatangi,0,0,0
Telusa Veainu,32,103,190
Vaea Tutuila Vaea,0,0,0
Viliami Fine,0,0,0
Viliami Taulani,0,0,0
Walter Fifita,25,115,195
Adrian Motoc,26,108,197
Alex Gordas,28,123,183
Alexandru Savin,0,0,0
Alexandru Tarus,33,120,185
Constantin Pristavita,29,108,190
Costel Burtila,0,0,0
Cristian Chirica,25,95,191
Dragos Ser,0,0,0
Florin Bardasu,0,0,0
Marius Antonescu,30,112,198
Marius Iftimiciuc,0,0,0
Mihai Macovei,36,108,194
Ovidiu Cojocaru,26,100,176
Alexandru Bucur,0,0,0
Andrei Gorin,0,0,0
Balan Vasile,0,0,0
Daniel Plai,0,0,0
Florian Rosu,0,0,0
Florin Surugiu,38,81,170
Gabriel Rupanu,0,0,0
Hinckley Vovasa,0,0,0
Ionel Melinte,0,0,0
Ionut Dumitru,30,82,177
Jason Tomane,0,0,0
Marius Simionescu,25,84,187
Nicolas Onutu,0,0,0
Popa Vlad,0,0,0
Tudor Boldor,0,0,0
Tudor Butnariu,0,0,0
Aaron Wainwright,25,106,188
Adam Beard,27,117,203
Alun Wyn Jones,37,118,196
Ben Carter,22,117,198
Bradley Roberts,27,104,175
Christ Tshiunza ,0,0,0
Dan Lydiate,35,115,193
Dewi Lake,23,110,185
Dillon Lewis,27,125,185
Ellis Jenkins,29,101,185
Gareth Thomas,29,116,188
Jac Morgan,23,102,180
James Ratti,25,120,193
Josh Navidi,32,105,185
Leon Brown,26,129,190
Rhys Carre,25,131,191
Ross Moriarty,28,103,188
Ryan Elias,28,112,185
Seb Davies,26,119,198
Taine Basham,23,94,182
Taulupe Faletau,32,111,187
Tomas Francis,30,135,185
Tommy Reffell,23,98,185
Will Rowlands,31,123,203
Wyn Jones,30,118,183
Alex Cuthbert,32,104,198
Callum Sheedy,27,73,173
Dan Biggar,33,94,185
Gareth Anscombe,31,90,183
Gareth Davies,32,88,178
George North,30,109,193
Johnny McNicholl,32,96,185
Jonathan Davies,34,104,185
Josh Adams,27,96,183
Kieran Hardy,27,88,183
Liam Williams,31,85,188
Louis Rees-Zammit,0,0,0
Nick Tompkins,27,85,181
Owen Watkin,26,100,188
Rhys Priestland,36,90,188
Sam Wainwright,0,0,0
Tomos Williams,28,86,180
Allan Alaalatoa,29,120,182
Darcy Swain,25,108,200
David Porecki,0,0,0
Folau Fainga'a,27,106,178
Fraser McReight,0,0,0
Harry Wilson,0,0,0
James Slipper,33,117,186
Jed Holloway,30,113,195
Matt Gibbon,0,0,0
Matt Philip,28,115,199
Michael Hooper,31,101,182
Ned Hanigan,27,110,194
Peter Samu,31,101,185
Pone Fa'amausili,0,0,0
Rob Valetini,24,110,198
Robert Leota,0,0,0
Rory Arnold,32,120,208
Scott Sio,31,115,187
Taniela Tupou,26,128,175
Andrew Kellaway,27,91,180
Angus Bell,0,0,0
Bernard Foley,33,89,182
Cadeyrn Neville,0,0,0
Hunter Paisami,0,0,0
Irae Simone,27,105,193
Izaia Perese,25,91,180
Jake Gordon,29,87,186
James O'Connor,32,88,180
Jock Campbell,0,0,0
Jordan Petaia,22,98,190
Lachlan Lonergan,0,0,0
Lalakai Foketi,28,99,185
Len Ikitau,0,0,0
Marika Koroibete,30,93,180
Nic White,32,84,173
Nick Frost,0,0,0
Noah Lolesio,0,0,0
Quade Cooper,34,92,186
Reece Hodge,28,94,191
Samu Kerevi,29,108,186
Suliasi Vunivalu,0,0,0
Tate McDermott,24,80,175
Thomas Banks,28,93,186
Tom Wright,0,0,0
Albert Tuisue,29,107,192
Alex Rogers,0,0,0
Api Ratuniyarawa,36,114,198
Donncha O'Callaghan,0,0,0
Eroni Mawi,0,0,0
Jacob Rowan,33,98,186
Johnny Dyer,0,0,0
Julian Salvi,37,100,187
Kitione Kamikamica,26,102,188
Leone Nakarawa,34,117,198
Mesulame Dolokoto,0,0,0
Paul Doran-Jones,37,116,188
Peceli Yato,30,104,183
Peni Ravai,32,105,185
Samuel Matavesi,0,0,0
Scott Lawson,0,0,0
Temo Mayanavanua,0,0,0
Tevita Ratuva,0,0,0
Thomas Waldrom,39,108,184
Viliame Mata,31,116,196
Aminiasi Tuimaba,0,0,0
Apisai Naqalevu,33,104,188
Ben Volavola,32,91,191
Eneriko Buliruarua,0,0,0
Eroni Sau,32,93,185
Frank Lomani,26,81,180
Haereiti Hetet,0,0,0
Josua Tuisova,29,91,180
Kini Murimurivalu,33,94,184
Lee-Roy Atalifo,34,134,180
Levani Botia,33,98,178
Manasa Mataele,26,100,185
Martial Lagain,0,0,0
MasivesiDakuwaqa,0,0,0
Mesake Doge,0,0,0
Mesulame Kunavula,0,0,0
Moses Sorovi,27,77,173
Nemani Nadolo,35,125,194
Neville Edwards,0,0,0
Nikola Matawalu,33,85,179
Onisi Ratave,30,99,179
Peniami Narisia,0,0,0
Setariki Tuicuvu,27,90,179
Simione Kuruvoli,0,0,0
Teti Tela,31,90,176
Vilimoni Botitu,0,0,0
Vinaya Habosi,0,0,0
Waisea Nayacalevu,32,97,195
Zuriel Togiatama,0,0,0
Beka Gigashvili,30,90,173
Giorgi Tsutskiridze,0,0,0
Guram Gogichashvili,24,116,183
Lasha Jaiani,0,0,0
Lasha Lomidze,30,108,195
Mikheil Nariashvili,0,0,0
Nikoloz Khatiashvili,30,116,177
Nodar Tcheishvili,32,118,203
Otar Giorgadze,26,108,193
Sandro Mamamtavrishvili,0,0,0
Shalva Mamukashvili,32,106,180
Tornike Jalagonia,0,0,0
Akaki Tabutsadze,0,0,0
Davit Meskhi,0,0,0
Deme Tapladze,0,0,0
Gela Aprasidze,25,74,175
Giorgi Babunashvili,0,0,0
Giorgi Chkoidze,0,0,0
Giorgi Javakhia,0,0,0
Grigor Kerdikoshvili,0,0,0
Lasha Khmaladze,35,82,180
Luka Japaridze,0,0,0
Luka Nioradze,0,0,0
Merab Sharikadze,28,79,173
Miriani Modebadze,25,94,194
Niko Aptsiauri,0,0,0
Tedo Abzhandadze,0,0,0
Tornike Kakhoidze,0,0,0
Vano Karkadze,0,0,0
Vasil Lobzhanidze,26,75,175
Alex Dombrandt,0,0,0
Alfie Barbeary,0,0,0
Bevan Rodd,0,0,0
Billy Vunipola,30,126,188
Charlie Ewels,27,108,199
Courtney Lawes,33,115,201
Ellis Genge,27,113,187
Jack Willis,26,107,190
Jamie Blamire,0,0,0
Jamie George,32,109,183
Joe Heyes,23,126,189
Joe Marler,32,113,183
Jonny Hill,28,102,201
Kyle Sinckler,29,113,183
Lewis Ludlam,27,94,190
Luke Cowan-Dickie,29,112,184
Mako Vunipola,32,118,182
Maro Itoje,28,110,195
Nic Dolly,0,0,0
Nick Isiekwe,24,111,199
Oliver Chessum,0,0,0
Sam Simmonds,28,103,184
Sam Underhill,26,103,186
Tom Curry,24,102,185
Will Stuart,26,124,189
Adam Radwan,25,86,179
Ben Youngs,33,87,178
Danny Care,36,85,175
Elliot Daly,30,92,184
Freddie Steward,0,0,0
George Ford,29,80,175
George Furbank,0,0,0
Guy Porter,0,0,0
Harry Randall,25,70,161
Henry Arundell,0,0,0
Henry Slade,29,90,190
Jack Nowell,29,89,180
Jack Van Poortvliet,0,0,0
Joe Cokanasiga,25,112,192
Joe Marchant,26,89,183
Joel Conlon,28,99,188
Luke Northmore,0,0,0
Manu Tuilagi,31,110,185
Marcus Smith,23,82,175
Mark Atkinson,32,102,195
Max Malins,26,83,180
Ollie Hassell-Collins,0,0,0
Orlando Bailey,0,0,0
Owen Farrell,31,90,188
Rafi Quirke,0,0,0
Tommy Freeman,0,0,0
Will Joseph,0,0,0
Asaeli Ai Valu,33,108,187
Atsushi Sakate,29,98,180
Ben Gunter,0,0,0
Craig Millar,32,116,186
Jack Cornelsen,0,0,0
Jiwon Koo,28,122,184
Kazuki Himeno,28,108,187
Keita Inagaki,32,116,186
Michael Leitch,34,105,189
Sanaila Waqa,0,0,0
Shinnosuke Kakinaga,31,115,180
Shota Horie,37,104,180
Takeshi Hino,33,100,172
Wimpie van der Walt,34,106,188
Daiki Nakajima,0,0,0
Dylan Riley,0,0,0
Faulua Makisi,0,0,0
Gerhard van den Heever,33,102,192
Kaito Shigeno,32,75,170
Kanji Shimokawa,0,0,0
Kotaro Matsushima,29,88,178
Lee Seung-Shin,0,0,0
Lua Makisi ,0,0,0
Naoto Saito,0,0,0
Ryohei Yamanaka,34,90,185
Ryoto Nakamura,31,92,178
Ryuga Hashimoto,0,0,0
Shane Gates,0,0,0
Shogo Nakano,0,0,0
Shuhei Takeuchi,0,0,0
Siosaia Fifita,0,0,0
Taichi Takahashi,0,0,0
Takayasu Tsuji,0,0,0
Takuya Yamasawa,0,0,0
Tevita Tatafu,0,0,0
Warner Dearns,0,0,0
Yu Tamura,34,91,181
Yukio Morikawa,0,0,0
Yusuke Kizu,0,0,0
Yutaka Nagare,30,71,166
Agustin Creevy,37,106,182
Eduardo Bello,0,0,0
Facundo Isa,29,103,188
Francisco Gomez Kodela,37,120,185
Guido Petti Pagadizaval,28,104,193
Julian Montoya,29,110,183
Marcos Kremer,25,115,195
Matias Alemanno,31,112,198
Mayco Vivas,0,0,0
Nahuel Tetaz Chaparro,33,115,190
Pablo Matera,29,99,193
Rodrigo Bruni,0,0,0
Santiago Socino,30,110,187
Tomas Lavanini,30,118,200
Alexander Todua,35,92,183
Bautista Delguy,25,81,182
Benjamin Urdapilleta,36,80,178
Domingo Miotti,26,85,185
Emiliano Boffelli,28,91,191
Felipe Ezcurra,29,89,179
Gonzalo Bertranou,29,77,174
Ignacio Ruiz,0,0,0
Jeronimo De La Fuente,31,93,183
Joel Sclavi,0,0,0
Juan Cruz Mallia,26,87,183
Juan Imhoff,34,90,185
Juan Martin Gonzalez,0,0,0
Lautaro Bazan Velez,0,0,0
Lucio Cinti,0,0,0
Matias Moroni,31,85,184
Matias Orlando,31,94,183
Nicolas Sanchez,34,83,177
Pedro Rubiolo,0,0,0
Santiago Carreras,0,0,0
Santiago Cordero,29,79,176
Santiago Grondona,0,0,0
Tomas Albornoz,25,82,177
Tomas Cubelli,33,79,175
Abraham Papali'i,0,0,0
Aki Seiuli,30,112,184
Alamanda Motuga,0,0,0
Ally Hogg,40,105,191
Ben Nee Nee,29,115,200
Filo Paulo,35,122,198
Henry Stowers,27,111,190
JP Sauni,0,0,0
Jack Lam,35,101,183
Joe Tekori,39,119,198
John Ulugia,36,113,180
Jonah Aoina,0,0,0
Kalolo Tuiloma,32,142,194
Masalosalo Tutaia,38,127,204
Michael Alaalatoa,31,126,191
Michael Paterson,37,106,196
Mikaele Tapili,0,0,0
Naama Leleimalefaga,35,121,178
Olajuwon Noa,33,110,193
Paul Alo-Emile,31,129,180
Ray Niuia,26,115,173
Sakaria Taulafo,40,118,183
Sam Slade,25,111,194
Seilala Lam,33,110,183
Senio Toleafoa,0,0,0
TJ Ioane,33,96,187
Talalelei Gray,32,110,194
Theodore McFarland,0,0,0
AJ Alatimu,29,80,173
Ahsee Tuala,33,95,183
Albert Onelei,0,0,0
Alex Luatua,0,0,0
Auvasa Falealii,0,0,0
Aviata Silago,0,0,0
D'Angelo Leuila,0,0,0
Dwayne Polataivao,32,92,175
Ed Fidow,29,97,188
Elijah Niko,0,0,0
Elisapeta Alofipo,25,90,185
George Pisi,0,0,0
Henry Taefu,0,0,0
Jamie-Jerry Taulagi,29,89,180
Joe Perez,0,0,0
John Vaili,27,83,193
Jonathan Taumateine,26,82,177
Losi Filipo,25,96,175
Mike Ellery,33,106,193
Neria Fomai,31,94,180
Nigel Hunt,39,90,175
Opetera Peleseuma,0,0,0
Reece Anapu,0,0,0
Rodney Yona,31,89,177
Sinoti Sinoti,37,92,175
Stacey Ili,31,94,176
Taiso Silafai-Leaana,0,0,0
Tam Uli Salelologa,0,0,0
Tietie Tuimaga,0,0,0
Tom Heathcote,31,89,179
Tomasi Alosio,31,83,187
Winston Stanley,0,0,0
 Jean Sousa,0,0,0
Diogo Ferreira,26,118,183
Duarte Diniz,0,0,0
Duarte Torgal,25,102,191
Francisco Fernades Moreira,0,0,0
Geoffrey Moise,31,129,187
Joao Granate,0,0,0
Jose Madeira,0,0,0
Lionel Campergue,0,0,0
Rafael Simoes,22,103,191
Steevy Cerqueira,29,99,204
Cody Thomas,0,0,0
David Wallis,0,0,0
James Verity-Amm,0,0,0
Jeromino Portela,0,0,0
Joao Mateus,0,0,0
Jorge Abecasis,27,110,201
Jose Lima,0,0,0
Manuel Cardoso Pinto,0,0,0
Pedro Bettencourt,28,94,187
Pedro Lucas,0,0,0
Samuel Marques,34,76,172
Simao Bento ,0,0,0
Thibault De Freitas,0,0,0
Tomas Appleton,22,121,189
Vincent Pinto,0,0,0
Andrew Quattrin,0,0,0
Cole Keith,25,118,185
Conor Keys,26,111,193
Djustice Sears-Duru,28,118,185
Eric Howard,29,105,176
Jake Ilnicki,30,125,180
Josh Larsen,28,106,196
Lucas Albornoz,31,107,191
Lucas Rumball,27,95,192
Marc-Antoine Rallier,34,107,182
ReeganO'Gorman,0,0,0
Siaki Vikilani,0,0,0
Stephan Malan,0,0,0
Ben LeSage,27,93,182
Cole Davis,25,100,188
Corey Thomas,0,0,0
Donald Carson,0,0,0
Ernst Stapelberg,0,0,0
Gavin Mullin,25,86,181
JW Jonker,0,0,0
Kainoa Lloyd,28,93,180
LachlanKratz,0,0,0
LiamMurray,0,0,0
Michael Smith,0,0,0
Peter Nelson,30,82,181
QuinnNgawati,0,0,0
Robert Povey,0,0,0
Ross Braude,0,0,0
TylerRowland,0,0,0
Billy Harmon,28,104,187
Caleb Delaney,0,0,0
Cameron Suafoa,0,0,0
Cullen Grace,0,0,0
Isaia Walker-Leawere,25,125,200
Jermaine Ainsley,27,121,181
Josh Dickson,28,109,200
Kurt Eklund,0,0,0
Leni Apisai,26,106,181
Manaaki Selby-Rickit,26,107,200
Marcel Renata,28,121,187
Max Hicks,0,0,0
Ollie Norris,0,0,0
Reed Prinsep,29,108,192
TK Howden,0,0,0
Tamaiti Williams,0,0,0
Alex Nankivell,26,98,188
Bailyn Sullivan,24,95,186
Billy Proctor,23,96,187
Brad Weber,32,75,172
Connor Garden-Bachop,0,0,0
Josh Ioane,27,90,180
Josh Moorby,0,0,0
Rameka Poihipi,0,0,0
Ruben Love,0,0,0
Shaun Stevenson,26,90,190
TJ Perenara,31,94,183
Tyrone Thompson,0,0,0
Zarn Sullivan,0,0,0
Andrew Darlington,0,0,0
Christopher Van Leeuwen,27,125,198
Dave Koelman,23,105,186
Dennis Van Dijken,23,115,198
Dirk Danen,0,0,0
Hugo Langelaan,0,0,0
Liam Stone,0,0,0
Lodi Buijs,0,0,0
Louis Bruinsma,0,0,0
Mark Darlington,0,0,0
Mike Mbaud,0,0,0
Robin Moenen,0,0,0
Ross Bennie-Coulson,0,0,0
Wolf Van Dijk,0,0,0
 Christopher Raymond,0,0,0
Bart Wierenga,0,0,0
Caleb Korteweg,0,0,0
Daan Van Der Avoird,0,0,0
David Weersma,26,100,187
Hugo Scholler,0,0,0
Jade Plane,0,0,0
Jim Boelrijk,0,0,0
Jordy Hop,0,0,0
Jules Godefroy,0,0,0
Mark Coebergh,0,0,0
Mees Van Oord,0,0,0
Oliva Sialau,0,0,0
Spike Salman,0,0,0
Storm Carroll,0,0,0
Te Campbell,0,0,0
 Viktor Arkhip,0,0,0
Artemy Gallo,0,0,0
Azamat Bitiev,0,0,0
Evgeny Mishechkin,0,0,0
German Silenko,27,122,196
Kirill Gotovtsev,0,0,0
Maksim Gargalyk,0,0,0
Nikita Vavilin,28,100,188
Nikolai Kazalikashvili,0,0,0
Victor Gresev,0,0,0
Vitaly Zhivatov,0,0,0
Vladimir Podrezov,0,0,0
Alexei Scherban,0,0,0
Andrei Karzanov,32,84,179
Anton Makarenko,0,0,0
Daniil Semenov,0,0,0
Danil Potikhanov,0,0,0
Dmitrii Gerasimov,0,0,0
Dmitry Parkhomenko,0,0,0
Dmitry Sukhin,0,0,0
Efim Riabischuk,0,0,0
German Davydov,0,0,0
JorisSegonds,0,0,0
Nikoloz Narmania,0,0,0
Ramil Gaisin,0,0,0
Shamil Magomedov,0,0,0
Vasily Artemyev,35,87,183
Viktor Kononov,0,0,0
Vladimir Geraskin,0,0,0
Carl Rimmer,36,118,183
Coenie Oosthuizen,0,0,0
Franco Mostert,32,112,198
Jean-Luc du Preez,27,112,193
Marco van Staden,27,106,184
Nicolaas Janse van Rensburg,28,112,200
Wilco Louw,28,126,185
Morne Steyn,38,91,184
Peni Tagive,0,0,0
Rosko Speckman,0,0,0
Sanele Nohamba,24,69,166
Sibusiso Nkosi,27,90,181
Wandisile Simelane,24,92,180
Yaw Penxe,25,82,181
Afa Tauli,0,0,0
Anibal Bonan,22,109,193
Asier Usarraga,0,0,0
Fabien Perrin,23,107,206
Fernando Lopez,23,110,196
Fred Quercy,23,110,196
Gautier Gibouin,23,102,184
Jon Zabala Arrieta,0,0,0
Manuel Mora,0,0,0
Marco Pinto Ferrer,0,0,0
Michael Walker-Fitton,0,0,0
Thierry Futeu,0,0,0
Victor Sanchez,0,0,0
 Gavin Van Den Berg,0,0,0
Alvar Gimeno,22,94,185
Bautista Guemes,0,0,0
Charly Malie,31,86,182
Facundo Nahuel Dominguez,0,0,0
Gauthier Minguillon,0,0,0
Guillaume Rouet,34,71,170
Inaki Mateu,0,0,0
Joel Merkler,0,0,0
Jordi Jorba,0,0,0
Julien Goia,0,0,0
Lucas Guillaume,0,0,0
Manuel Ordas,0,0,0
Mathieu Belie,0,0,0
Matthew Foulds,0,0,0
Micheal Hogg,0,0,0
Santiago Ovejero,0,0,0
Tomas Munilla,0,0,0
Andrew Guerra,0,0,0
Antonin Berruyer,24,101,187
Ben Bonasso,0,0,0
Ben Nutley,30,103,185
Cameron Dolan,32,107,198
Chad Gough,0,0,0
David Ainu'u,0,0,0
Dino Waldren,31,111,183
Dylan Fawsitt,0,0,0
Greg Peterson,31,123,204
Hanco Germishuys,26,101,188
Jamason Fa'anana Shultz,0,0,0
Joe Taufete'e,30,114,183
Matt Harmon,0,0,0
Mike Sosene Feagai,29,98,178
Nate Brakeley,33,110,196
Nick Civetta,33,117,203
Paul Mullen,31,122,182
Psalm Wooching,0,0,0
Riekert Hattingh,0,0,0
Rob Hawkins,0,0,0
Bryce Campbell,28,98,188
Calvin Whiting,26,105,189
Christian Dyer,0,0,0
Faka'osi Pifeleti,0,0,0
Kapeli Pifeleti,0,0,0
Marcel Brache,35,92,190
Michael Baska,22,86,178
Michael Dowsett,30,85,182
Mika Kruse,2023,104,184
Mike Dabulas,0,0,0
Mike Te'o,0,0,0
Nate Augspurger,33,75,173
Ross Adair,0,0,0
Ruben De Haas,0,0,0
Ryan James,2023,86,183
Ryan Matyas,32,85,183
Siaosi Mahoni,0,0,0
Tavita Lopeti,0,0,0
Tesimoni Tongauiha,0,0,0
Will Hooley,29,75,183
Will Magie,30,84,183
Bakary Meite,39,108,189
Beno Obano,28,120,173
D'arcy Rae,28,110,186
Jaco Coetzee,26,109,188
Jacques Du Toit,29,103,184
Johan Smith,0,0,0
Johannes Jonker,28,118,184
Josh McNally ,0,0,0
Joshua McNally,32,125,201
Juan Schoeman,31,122,183
Lewis Boyce,26,113,185
Matheus Daniel,32,90,183
Mike Williams,31,114,196
Miles Reid,24,105,188
Nahum Merigan,0,0,0
Nathan Hughes,31,115,196
Tom Dunn,30,106,188
Tom Ellis,28,106,193
Valery Morozov,28,115,190
Viliame Veikoso,0,0,0
Will Spencer,30,116,200
Will Vaughan,26,107,186
Anthony Watson,28,90,188
Anton Ryabov,0,0,0
Arthur Cordwell,0,0,0
Ben Spencer,30,82,179
Carl Meyer,0,0,0
Danny Cipriani,35,89,183
Ewan Richards,0,0,0
Frankie Read,0,0,0
Gabriel Hamer-Webb,0,0,0
Harry Casson,0,0,0
Jeremy Russell,28,94,193
Joe Simpson,34,86,178
Jonathan Joseph,31,93,183
Josh Dingley,0,0,0
Kieran Verden,0,0,0
Lucas Muller,32,84,184
Max Clark,27,100,190
Max Green,26,81,179
Max Ojomoh,0,0,0
Ollie Fox,0,0,0
Richard De Carpentier,0,0,0
Robert Tenorio,26,80,192
Ruaridh McConnochie,0,0,0
Semesa Rokoduguni,35,94,183
Tom Cowan,0,0,0
Tom De Glanville,0,0,0
Tom Doughty,0,0,0
Tom Prydie,30,94,194
Will Butt,0,0,0
Will Muir,0,0,0
Zee Mkhabela,28,80,167
Anaru Rangi,34,117,181
Ben Finau,0,0,0
Benet Kumeroa,0,0,0
Jacob Norris,0,0,0
Jeff Thwaites,30,115,190
Justin Sangster,0,0,0
Kohan Herbert,0,0,0
Naitoa Ah Kuoi,0,0,0
Nic Souchon,0,0,0
Nikora Broughton,0,0,0
Tevita Mafileo,0,0,0
Veveni Lasaqa,0,0,0
Carlos Price,24,85,179
Emoni Narawa,0,0,0
Etonia Waqa,0,0,0
Gillies Kaka,0,0,0
Jamie Dobie,21,81,175
Joey Walton,0,0,0
Josh Bartlett,0,0,0
Kaleb Trask,24,90,180
Kaveinga Finau,0,0,0
Lalomilo Lalomilo,0,0,0
Leroy Carter,0,0,0
Lucas Cashmore,0,0,0
Luke Donaldson,0,0,0
Nigel Ah Wong,32,102,193
Pasilio Tosi,0,0,0
Penikora Finau,0,0,0
Seamus Bardoul,0,0,0
Sekuni Tanimo,0,0,0
Sonny Collier,0,0,0
Taylor Haugh,0,0,0
Te Toiroa Tahuriorangi,27,83,171
Wharenui Hawera,29,89,180
AlessandroIzekor,0,0,0
Carl Wegner,32,117,201
Federico Zani,33,110,178
Marco Lazzaroni,27,110,190
Scott Scrafton,29,118,200
Simone Ferrari,28,124,185
Alessandro Garbisi,20,83,174
Dewaldt Duvenage,34,80,173
Joaquin Riera,28,90,183
Manfredi Albanese,21,78,170
Manuel Arroyo,20,106,178
Marcus Watson,31,86,178
Mattia Bellini,29,101,193
Rhyno Smith,30,83,173
Sam Hidalgo-Clyne,29,85,175
Arno Botha,31,105,190
Bismarck Du Plessis,38,104,189
Cameron Hanekom,0,0,0
Cyle Brink,29,113,191
Dylan Smith,28,113,181
Eric Basson,0,0,0
Francois Klopper,23,124,189
Gigauri Davit,0,0,0
Jaco Labuschagne,23,101,191
Jacques Van Rooyen,36,122,186
Johan Grobbelaar,25,98,182
Kowie Roos,0,0,0
Lizo Gqoboka,32,115,183
Reinhardt Ludwig,20,106,199
Ruan Vermaak,24,120,200
Simphiwe Matanzima,25,111,182
Sintu Manjezi,27,114,197
WJ Steenkamp,22,104,190
Walt Steenkamp,27,121,203
Werner Gouws,0,0,0
 Robert Hunt,0,0,0
Bernard Van Der Linde,20,83,174
Chris Smith,28,90,181
Cornal Hendricks,34,97,186
David Kriel,23,94,194
Diego Appollis,22,91,177
Embrose Papier,25,80,171
FC Du Plessis,22,86,185
Gerhard Steenekamp,25,128,194
Harold Vorster,29,94,186
Izak Burger,0,0,0
Jakobus Roos,0,0,0
Jan-Hendrik Wessels,21,120,190
Janko Swanepoel,23,107,200
Joe Van Zyl,24,111,186
Juan Mostert,23,92,193
Kabelo Mokoena,0,0,0
Keagan Johannes,23,75,177
Lionel Mapoe,34,95,183
Marco Jansen Van Vuuren,26,94,186
Mheli Dlamini,0,0,0
Michael Tambwe,25,83,187
Muller Uys,24,107,191
Niel Beukes,0,0,0
Quewin Nortje,0,0,0
Raynard Roets,0,0,0
Richard Kriel,22,90,192
Ruan Delport,0,0,0
Schalk Erasmus,0,0,0
Sean Cox,0,0,0
Sebastian Lombard,0,0,0
Sidney Tobias,33,101,176
Stedman Gans,25,85,180
Stephan Smit,0,0,0
Stravino Jacobs,22,95,180
Tarquin Manuel ,0,0,0
Tiaan Fourie,0,0,0
Tielman Nieuwoudt,0,0,0
Willie Potgieter,0,0,0
Atunaisa Moli,27,127,189
Bryan Byrne,29,103,178
Christopher Vui,30,111,198
Daniel Thomas,29,96,183
Dave Attwood,35,115,201
Ed Holmes,27,110,194
Harry Thacker,28,82,173
Jake Armstrong,28,118,185
Jake Heenan,30,104,189
Jake Kerr,26,108,187
Jake Woolmore,32,122,185
Joe Joyce,29,105,198
John Afoa,39,120,183
John Hawkins,0,0,0
Lindokuhle Welemu,0,0,0
Matt Mullan,35,108,180
Max Lahiff,33,117,185
Mitch Eadie,30,102,185
Sam Jeffries,29,101,195
Steven Luatua,31,115,194
Will Capon,0,0,0
Yann Thomas,32,120,191
Alapati Leiua,34,100,185
Andy Uren,26,91,173
Antoine Frisch,26,99,188
Ash Challenger,0,0,0
Carwyn Penny,0,0,0
Charles Piutau,31,97,186
Charlie Powell,0,0,0
Daniel Sancery,28,94,182
Fitz Harding,0,0,0
George Kloska,0,0,0
Henry Purdy,28,94,188
Ioan Lloyd,0,0,0
Jack Bates,0,0,0
Jono Benz Salomon,0,0,0
Luke Morahan,32,95,189
Niyi Adeolokun,0,0,0
Oscar Lennon,0,0,0
Piers O'Connor,0,92,187
Richard Lane,0,0,0
Sam Bedlow,27,93,183
Savenaca Rawaca,0,0,0
Semi Radradra,30,105,190
Theo Strang,0,0,0
Tiff Eden,28,93,182
Toby Fricker,0,0,0
Toby Venner,0,0,0
Tom Whiteley,27,81,173
William Hutteau,24,80,172
Justin Tipuric,33,102,188
Ken Owens,36,106,186
Billy Pollard,0,0,0
Connal McInerney,27,104,181
Ed Kennedy,0,0,0
Jahrome Brown,26,105,189
Luke Reimer,0,0,0
Sosefo Kautai,26,128,189
Tom Hooper,0,0,0
Andy Muirhead,29,84,183
Cameron Clark,29,85,185
Chris Feauai-Sautia,29,92,181
Fred Kaihea,0,0,0
Hudson Creighton,0,0,0
Jesse Mogg,33,90,187
Lachie Albert,0,0,0
Ollie Sapsford,0,0,0
Rory Scott,0,0,0
Ryan Lonergan,24,82,178
Tom Ross,0,0,0
Johan Goosen,30,90,185
Mihlali Mosi,26,101,190
Ben Funnell,32,105,180
Brodie McAlister,0,0,0
Corey Kellow,0,0,0
Dan Lienert-Brown,30,112,184
Finlay Brewis,0,0,0
George Bell,0,0,0
Luke Romano,36,113,199
Oli Jager,24,117,192
Owen Franks,35,118,185
Tom Christie,24,103,185
Zach Gallagher,21,115,198
Alex Harford,0,0,0
Blair Murray,0,0,0
Chay Fihaki,0,0,0
Dallas McLeod,0,0,0
Dominic Gardiner,0,0,0
Fergus Burke,0,0,0
George Bridge,27,95,185
Isaiah Punivai,0,0,0
Joe Brial ,0,0,0
Joel Lam,0,0,0
Jone Rova,0,0,0
Liam Allen,0,0,0
Mitchell Drummond,28,84,180
Ngane Punivai,24,101,184
Sam Darry,0,0,0
Seb Calder,0,0,0
Shilo Klein,0,0,0
Tom Heywood,0,0,0
Wil Gualter,0,0,0
Willi Heinz,36,92,179
Corey Domachowski,26,121,183
Dimitri Arhip,34,117,180
James Botham,24,104,190
Josh Turnbull,34,115,193
Kirby Myhill,31,106,183
Kristian Dacey,33,106,188
Liam Belcher,26,106,176
Matthew Screech,30,116,195
Rory Thornton,27,120,201
Shane Lewis-Hughes,25,115,193
Thomas Young,30,104,180
Aled Summerhill,28,93,188
Ben Thomas,24,93,183
Jarrod Evans,26,87,180
Jason Harries,33,107,193
Lloyd Williams,33,88,183
Mason Grady,20,110,196
Max Llewellyn,24,105,195
Reynold Lee-Lo,36,99,190
Theo Cabango,21,85,185
Uilisi Halaholo,32,105,180
Antoine Guillamon,31,135,193
Antoine Tichit,33,115,187
Baptiste Delaporte,25,94,190
Jack Whetton,30,114,200
Josaia Raisuqe,0,0,0
Julius Nostadt,30,118,185
Kevin Kornath,26,98,194
Loic Jacquet,37,111,198
Matthew Tierney,26,120,188
Nick Champion de Crespigny,0,0,0
Teariki Ben-Nicholas,0,0,0
Theo Hannoyer,0,0,0
Thomas Staniforth,28,113,198
Tyler Ardron,31,110,194
Wayan De Benedittis ,0,0,0
Wilfrid Hounkpatin,0,0,0
Adrea Cocagi,28,105,186
Antoine Zeghdar,0,0,0
Bastien Guillemin,25,90,185
Ben Botica,33,92,180
Brice Humbert,0,0,0
Filipo Nakosi,30,98,183
Hugo Hermet,0,0,0
Jeremy Fernandez,0,0,0
Louis Le Brun,0,0,0
Martin Laveau,26,78,182
Pierre Aguillon,35,85,179
Pierre Colonna,0,0,0
Rory Kockott,36,89,180
Ryno Pieterse,0,0,0
Santiago Arata,0,0,0
Simon Meka,0,0,0
Thomas Combezou,36,88,184
Thomas Larregain,0,0,0
Aidon Davis,0,0,0
Alulutho Tshakweni,0,0,0
Anidisa Ntsila,0,0,0
Aranos Coetzee,0,0,0
Conraad Van Vuuren,27,115,183
George Cronje,0,0,0
Louis Van Der Westhuizen,0,0,0
Marnus van der Merwe,0,0,0
Rynier Bernardo,0,0,0
Schalk Ferreira,0,0,0
Victor Sekekete,0,0,0
Wilmar Arnoldi,0,0,0
Brandon Thomson,27,92,187
Cameron Dawson,0,0,0
Christopher Smit,0,0,0
Clayton Blommetjies,32,85,184
Cohan Jasper,0,0,0
Craig Barry,30,90,182
Damien Hoyland,29,91,178
Dandré Delport,0,0,0
Daniel Kasende,0,0,0
David Brits,0,0,0
Duncan Saal,0,0,0
Enver Brandt,0,0,0
Evardi Boshoff,0,0,0
Janus Venter,0,0,0
Jeandre Rudolph,0,0,0
Malcolm Jaer,0,0,0
Ockie Barnard,0,0,0
Reinhardt Fortuin,0,0,0
Rewan Kruger,0,0,0
Robert Ebersohn,33,85,181
Ruan Pienaar,38,92,186
Sergio Moreira,0,0,0
Siya Masuku,0,0,0
Stephen Fitzgerald,27,87,188
Atu Moli,0,0,0
Bradley Slater,0,0,0
George Dyer,23,118,188
Hamilton Burr,0,0,0
Kaylum Boshier,0,0,0
Laghlan McWhannell,24,112,201
Luke Jacobson,25,103,189
Mitchell Brown,29,98,189
Mitchell Jacobson,27,102,191
Reuben O'Neill,27,116,183
Samipeni Finau,0,0,0
Simon Parker,0,0,0
Sione Mafileo,29,130,177
Solomone Tukuafu,0,0,0
Tom Florence,24,103,189
Bryn Gatland,27,88,178
Chase Tiatia,27,93,181
Cortez Ratima,21,87,179
Etene Nanai-Seturo,23,90,186
Gideon Wrampling,0,0,0
Jonah Lowe,26,92,181
Josh Lord,0,0,0
Rivez Reihana,0,0,0
Xavier Roe,24,81,179
Arthur Iturria,28,115,198
Etienne Falgoux,0,0,0
Etienne Fourcade,0,0,0
Fritz Lee,34,107,190
Geoff Parling,39,114,198
Giorgi Beria,0,0,0
Judicael Cancoriet,26,106,194
Miles Amatosero,0,0,0
Paul Jedrasiak,29,116,200
Rabah Slimani,33,112,178
Sebastien Vahaamahina,31,119,200
Yohan Beheregaray,26,102,180
Alivereti Raka,28,85,184
Baptiste Jauneau,0,0,0
Bastien Pourailly,29,78,175
Benjamin Boudou,0,0,0
Camille Lopez,33,88,175
Cheikh Tiberghien,0,0,0
Clement Lanen,0,0,0
Cristian Ojovan,0,0,0
Edward Annandale,0,0,0
Gabin Michet,0,0,0
George Moala,32,100,188
JJ Hanrahan,30,93,183
Jaco van Tonder,0,0,0
Jean Pascal Barraque,0,0,0
Kevin Viallard,0,0,0
Lucas Dessaigne,0,0,0
Marvin O'Connor,31,77,178
Morgan Parra,34,83,180
Samuel Ezeala,0,0,0
Sebastien Bezy,31,72,174
Thibaud Lanen,0,0,0
Wesley Fofana,35,93,182
Dennis Buckley,32,107,176
Jack Aungier,24,120,188
Jarrad Butler,31,105,185
Josh Murphy,27,110,198
Oisin Dowling,25,109,197
Paul Boyle,26,107,190
Peter Dooley,28,113,183
Shamus Hurley-Langton,22,106,183
Bryan Ralston,0,0,0
Caolin Blade,28,80,169
Conor Fitzgerald,25,90,185
David Hawkshaw,23,85,175
Dylan Tierney-Martin,23,101,182
John Porch,28,86,186
Kieran Marmion,31,82,176
Oran McNulty,23,90,178
Thomas Farrell,30,107,190
Abraham Pole,0,0,0
Ethan Blackadder,27,104,192
Joe Moody,34,112,188
Liam Hallam-Eames,27,110,199
Mitchell Dunshea,27,107,196
Quinten Strange,26,108,200
Ricky Jackson,24,100,180
Sione Havili Talitui,25,105,187
Bryn Hall,31,93,183
Jack Goodhue,27,100,187
Kini Naholo,0,0,0
Simon Hickey,29,83,174
Boan Venter,25,120,188
Luan de Bruin,29,120,183
Charlie Savala,22,96,193
Chris Dean,28,99,188
Henry Immelman,27,107,188
Henry Pyrgos,33,83,178
Jaco van der Walt,29,93,183
James Lang,27,95,183
Mac Sykes,0,0,0
Alec Hepburn,29,101,185
Anthony Dickinson,0,0,0
Ben Moon,33,110,181
Callum Bradbury,0,0,0
Christ Tshiunza,0,0,0
Dave Ewers,32,115,193
David Attoub,0,0,0
Don Armand,34,112,191
Gilles Valette,41,88,180
Harry Williams,31,132,191
Jack Innard,27,98,180
Jack Yeandle,33,111,185
Jacques Vermeulen,28,112,194
James Kenny,0,0,0
Jannes Kirsten,29,109,197
Jean Jo Marmouyet,0,0,0
Jean-Blaise Lespinasse,0,0,0
Jordan Seneca,0,0,0
Jose Ramon Ayarza,0,0,0
Josh Iosefa-Scott,26,128,194
Marcus Street,24,119,183
Richard Capstick,0,0,0
Ryan McCauley,25,110,203
Sam Nixon,26,120,193
Sean Lonsdale,25,112,196
Sean O'Brien,35,108,188
Steffan Liebig,33,95,194
Tom Donnelly,0,0,0
Will Witty,27,110,196
William Keast,0,0,0
Ambrose Curtis,30,101,191
Benjamin Thiery,0,0,0
Chris Auld,0,0,0
Dafydd Jenkins,0,0,0
Facundo Cordero,0,0,0
Harvey Skinner,0,0,0
Ian Whitten,35,102,188
Iban Etcheverry,24,83,178
Isa Nacewa,40,88,180
Jack Maunder,25,80,177
Jamie Murphy,33,86,178
Joe Simmonds,26,87,182
Josh Hodge,0,0,0
Laurent Bourda-Couhet,28,73,171
Lewis Pearson,0,0,0
Max Norey,0,0,0
Ollie Burrows,0,0,0
Ollie Devoto,29,98,193
Ollie Leatherbarrow,0,0,0
Olly Woodburn,31,94,188
Owain Leonard,0,0,0
Patrick Schickerling,0,0,0
Ray Parkinson,34,90,185
Rus Tuima,0,0,0
Sam Maunder,22,81,180
Stu Townsend,27,86,175
Thibault Lacroix,0,0,0
Tom Hendrickson,28,94,184
Tom O'Flaherty,28,82,180
Alex Craig,0,0,0
Alex Seville,24,108,181
Andrew Davidson,26,105,200
Ben Morgan,33,116,190
Ciaran Knight,24,121,188
Ed Slater,34,116,198
Fraser Balmain,31,116,185
Freddie Clarke,30,114,196
Harry Elrington,29,123,189
Henry Walker,24,103,177
Jack Singleton,27,111,182
Jamal Ford-Robinson,29,115,178
Jordy Reid,0,0,0
Lewis Ludlow,28,96,189
Matt Moulds,31,108,188
Pat MacArthur,35,100,183
Ruan Ackermann,27,108,193
Thomas Bianchin,35,103,183
Val Rapava Ruskin,30,121,191
Wian Conradie,0,0,0
Yan Rosetti,0,0,0
 Louis Hillman-Cooper ,0,0,0
Alex Morgan,0,0,0
Beka Tsiklauri,0,0,0
Ben Meehan,30,87,178
Billy Twelvetrees,34,103,191
Bryan Habana,0,0,0
Bryan O'Connor,0,0,0
Cathal Marsh,0,0,0
Charlie Chapman,0,0,0
Freddie Thomas,0,0,0
George Barton,0,0,0
Giorgi Kveseladze,25,100,185
Jack Clement,0,0,0
Jason Woodward,32,100,188
Jonny May,32,90,189
Kyle Moyle,0,0,0
Lewis Rees-Zammit,0,0,0
Lloyd Evans,27,83,183
Lucas Lebraud,0,0,0
Luke McAlister,39,95,180
Ollie Thorley,26,97,185
Steve Varney ,0,0,0
Tom Seabrook,23,95,183
Tristan Tedder,26,78,180
Antonio Pavanello,0,0,0
Archie White,25,104,187
Charles Geli,35,100,183
Dino Lamb,24,115,193
Jack Kenningham,0,0,0
Jack Walker,26,96,185
James Chisholm,27,106,191
Joe Gray,34,102,186
Louis Martin,0,0,0
Luke Wallace,32,96,185
Matt Symons,33,117,200
Santiago Garcia Botta,30,105,185
Scott Baldwin,34,114,190
Sebastien Ferreira,29,112,195
Simon Kerrod,30,116,182
Stephan Lewies,31,116,200
Tom Lawday,29,109,189
Will Collier,31,110,190
Will Evans,26,91,183
Adam Preocanin,35,86,194
Ben Cima,26,86,185
Ben Tapuai,34,95,180
Cadan Murley,0,0,0
Craig Trenier,0,0,0
Fin Baxter,0,0,0
Finn Baxter,0,0,0
George Hammond,0,0,0
Hugh Tizard,0,0,0
Huw Jones,29,102,185
Jack Stafford,25,85,181
Jordan Els,0,0,0
Lennox Anyanwu,0,0,0
Lewis Gjaltema,25,87,174
Mak Wilson,0,0,0
MatasJurevicius,0,0,0
Matt Protheroe,26,78,180
Nick David,0,0,0
Oscar Beard,0,0,0
Sam Riley,0,0,0
Scott Steele,29,83,175
Tommaso Allan,29,87,184
Tyrone Green,0,0,0
Will Edwards,0,0,0
William Hobson,0,0,0
Andrew Makalio,31,111,182
Ayden Johnstone,26,114,183
Bryn Evans,38,115,196
Christian Leo-Wille,0,0,0
Fabian Holland,0,0,0
Gareth Evans,31,110,191
Hugh Renton,26,95,193
James Lentjes,32,104,188
Josh Hohneck,37,125,190
Liam Coltman,33,112,185
Marino Mikaele Tu'u,25,111,191
Rhys Marshall,30,104,184
Sam Caird,25,116,202
Denny Solomona,29,95,190
Fetuli Paea,28,95,189
Freedom Vahaakolo,0,0,0
Josh Timu,0,0,0
Kayne Hammington,32,75,170
Liam Coombes-Fabling,0,0,0
Luca Inch,0,0,0
Marty Banks,0,0,0
Mitch Hunt,28,80,174
Mosese Dawai,0,0,0
Patelesio Tomkinson,26,94,182
Rory van Vugt,0,0,0
Sam Gilbert,0,0,0
Saula Mau,0,0,0
Scott Gregory,24,93,184
Sean Withy,0,0,0
Solomona Alaimalo,27,99,196
Thomas Umaga-Jensen,25,107,187
Vilimoni Koroi,24,88,180
Alex Fidow,25,132,184
Asafo Aumua,25,105,177
Ben May,40,119,193
Blake Gibson,27,103,186
Brayden Iose,24,100,188
Devan Flanders,23,105,192
Dominic Bird,31,112,206
Du'Plessis Kirifi,0,0,0
Jacob Devery,0,0,0
James Blackwell,27,106,190
James O'Reilly,28,100,183
Jared Proffit,29,110,188
Kianu Kereru-Symes,0,0,0
Pouri Rakete-Stones,25,113,181
Raymond Tuputupu,0,0,0
Tom Parsons,32,112,198
Tyler Laubscher,0,0,0
Xavier Numia,24,111,189
Aiden Morgan,0,0,0
Cameron Roigard,0,0,0
Jackson Garden-Bachop,28,99,183
Jamie Booth,28,82,171
Julian Savea,32,106,192
Logan Henry,0,0,0
Pepesana Patafilo,0,0,0
Peter Umaga-Jensen,25,95,187
Richard Judd,30,86,180
Riley Higgins,0,0,0
Salesi Rayasi,26,115,197
Teihorangi Walden,29,94,182
Wes Goosen,27,92,180
Facundo Bosch,31,100,180
Guram Papidze,0,0,0
Leo Aouf,0,0,0
Mathieu Tanguy,26,119,194
Matthias Haddad,0,0,0
Ramiro Herrera,33,130,191
Reda Wardi,0,0,0
Remi Bourdeau,30,108,194
Remi Picquette,0,0,0
Romain Sazy,37,102,198
Samuel Lagrange,0,0,0
Victor Vito,35,109,192
Wian Liebenberg,30,92,189
Will Skelton,30,140,203
Arthur Retiere,25,76,170
Dillyn Leyds,30,88,185
Guillaume Lagahe,0,0,0
Ihaia West,31,84,175
Jeremy Sinzelle,32,88,181
Jules Lebail,0,0,0
Jules Plisson,31,92,184
Martin Alonso-Munoz,0,0,0
Pierre Boudehent,25,105,196
Pierre Popelin,0,0,0
Raymond Rhule,30,86,180
Simone Rossi,0,0,0
Tawera Kerr-Barlow,32,89,187
Thomas Berjon,0,0,0
Calum Green,32,115,195
Charlie Clare,31,112,182
Dan Cole,35,118,189
Eli Snyman,0,0,0
Francois van Wyk,31,114,189
Hanro Liebenberg,27,118,196
Harry Wells,29,121,196
Jacobus Van Tonder,24,118,197
Jean-Baptiste Poux,43,105,180
Juan Pablo Orlandi,0,0,0
Nephi Leatigaga,0,0,0
Olly Robinson,31,104,183
Sean Jansen,0,0,0
Aurelien Ricart,0,0,0
Bryce Hegarty,30,90,184
Cameron Henderson,0,0,0
Chris Ashton,35,92,183
Dan Kelly,0,0,0
Freddie Burns,32,80,185
George Martin,0,0,0
Gilles Bosch,0,0,0
Harry Potter,0,0,0
Jacobus Van Wyk,31,94,190
Juan Pablo Socino,34,98,174
Matt Scott,32,101,186
Richard Wigglesworth,39,86,176
Tom Cowan-Dickie,0,0,0
Tom Cowan-Dickie ,0,0,0
Tom Manz,0,0,0
Will Hurd,0,0,0
Brian Deeny,23,112,201
Jason Jenkins,27,125,203
Max Deegan,26,108,193
Rhys Ruddock,32,113,190
Ross Molony,28,103,195
Scott Penny,23,104,185
Vakh Abdaladze,27,121,185
Ben Brownlee,20,96,188
Charlie Ngatai,32,100,186
Charlie Tector ,20,95,188
Chris Cosgrave,21,85,183
Dave Kearney,33,91,180
John Mckee,22,102,182
Liam Turner,23,93,173
Luke McGrath,30,84,175
Martin Moloney,22,104,188
Michael Milne,24,115,183
Nick McCarthy,27,84,180
Ross Byrne,27,95,193
Tadgh McElroy,25,100,178
Tom Clarkson,0,0,0
Adam Coleman,31,122,204
Ben Donnell,0,0,0
Ciaran Parker,27,110,188
Facundo Gigena,28,111,182
George Nott,27,110,196
Isaac Curtis-Harris,0,0,0
Jack Cooke,0,0,0
Johan Aliouat,29,106,197
Jonatas Paulo,37,110,177
Marcel Van der Merwe,32,121,186
Matt Rogerson,0,0,0
Matt Williams,0,0,0
Michael Willemse,0,0,0
Mika Tyumenev,31,70,169
Oli Hoskins,29,122,190
Olly Cracknell,28,110,191
Pedro Bengalo,0,0,0
Rob Simmons,33,115,200
Stelian Burcea,39,107,189
Steve Mafi,0,0,0
Tom Pearson,0,0,0
Ben Loader,24,92,188
Benhard Janse van Rensburg,0,0,0
Chandler Cunningham South,0,0,0
Chris Hilsenbeck,31,84,184
Chunya Munga,0,0,0
Cillian Redmond,0,0,0
Curtis Rona,30,102,194
Hugh O'Sullivan,24,81,174
James Stokes,0,0,0
Luke Green,0,0,0
Matt Cornish,0,0,0
Nick Phipps,34,87,180
Paddy Jackson,31,80,180
Phil Cokanasiga,0,0,0
Rory Jennings,27,84,179
Terrence Hepetema,31,95,183
Tom Parton,0,0,0
Will Goodrick-Clarke,0,0,0
Colby Fainga'a,31,101,183
Hamza Kaabeche,26,115,189
Jordan Taufua,31,100,182
Patrick Sobela,30,104,188
Vivien Devisme,30,112,175
Yanis Charcosset,0,0,0
Clement Laporte,25,82,180
Ethan Dumortier,0,0,0
Jean Marc Doussain,31,90,174
Jonathan Pelissie,0,0,0
Jérôme Rey,0,0,0
Lima Sopoaga,32,91,175
Mickael Guillard,0,0,0
Thibaut Regard,0,0,0
Toby Arnold,35,82,179
Ugo Vignolles,0,0,0
Xavier Mignot,29,87,187
Diarmuid Barron,24,100,183
Edwin Edogbo,0,0,0
Jack O'Donoghue,29,110,191
Jean Kleyn,29,121,203
Stephen Archer,35,118,188
Calvin Nash,25,90,180
Dan Goggin,28,97,188
Jack Crowley,23,88,183
John Hodnett,24,105,185
Liam Coombes,25,89,191
Malakai Fekitoa,30,100,187
Roman Salanoa,25,123,183
Shane Daly,26,92,191
Thomas Ahern,22,117,206
Ali Oz,0,0,0
Anthime Hemery,0,0,0
Anton Bresler,34,113,198
Baptiste Chouzenoux,32,96,190
Baptiste Pesenti,25,118,195
Boris Palu,27,109,193
Camille Chat,27,98,178
Cedate Gomes Sa,29,105,185
Eddy Ben Arous,32,109,184
Hassane Kolingar,0,0,0
Luke Jones,31,118,196
Teddy Baubigny,24,109,184
Victor Moreaux,29,123,200
Wenceslas Lauret,33,92,188
Antoine Gibert,25,76,177
Henry Chavancy,34,85,182
Jonathan Maiau,0,0,0
Kurtley Beale,34,92,184
Louis Dupichot,27,88,185
Maxime Machenaud,34,82,173
Mitch Short,0,0,0
Nolann Le Garrec,0,0,0
Olivier Klemenczak,26,87,183
Brad Wilkin,27,103,189
Cameron Orr,27,114,188
Daniel Maiava,0,0,0
Isaac Aedo Kailea,0,0,0
James Hanson,34,104,183
Jordan Uelese,26,122,189
Josh Canham,0,0,0
Josh Hill,0,0,0
Michael Wells,29,103,190
Richard Hardwick,28,102,183
Ross Haylett-Petty,29,110,197
Sef Faagase,31,117,185
Tamati Ioane,25,119,184
Trevor Hosea,0,0,0
Cabous Eloff,0,0,0
Carter Gordon,0,0,0
Efi Ma'afu,0,0,0
George Worth,26,94,190
Glen Vaihu,0,0,0
James Tuttle,26,84,176
Jeral Skelton,0,0,0
Joe Powell,28,83,177
Josh Kemeny,0,0,0
Lachlan Anderson,0,0,0
Llikena Vudogo,0,0,0
Lukas Ripley,0,0,0
Matt Toomua,33,90,182
Nick Jooste,0,0,0
Ray Nu'u,0,0,0
Rhys Van Nek,0,0,0
Sam Wallis,0,0,0
Tom Nowlan,0,0,0
Young Tonumaipea,0,0,0
Armand van der Merwe,31,109,179
Ben Curry,24,101,188
Benjamin Beaux,0,0,0
Brice Mach,0,0,0
Cameron Neild,28,104,183
Cameron Pierce,0,0,0
Cobus Wiese,25,116,199
Curtis Langdon,25,107,184
Daniel du Preez,27,112,196
Dom Barrow,29,108,198
JP du Preez,28,122,210
Jacobus Wiese,0,0,0
Joe Jones,27,113,183
Jonathan Ross,32,112,190
Julien Brugnaut,41,120,183
Luc Barba,0,0,0
Matt Postlethwaite,0,0,0
Nic Schonert,31,119,189
Ross Harrison,30,118,185
Simon McIntyre,31,110,182
Tommy Taylor,31,96,183
Tony Purpura,36,118,191
Vili Ma'afu,0,0,0
Vili Toluta'u,29,94,178
Aaron Read,0,0,0
Alan MacGinty,32,87,183
Anerin Thomas,0,0,0
Arron Reed,0,0,0
Byron McGuigan,33,85,185
Cal Ford,0,0,0
Callum Morris,0,0,0
Callum Smith,0,0,0
Christopher Ruiz,0,0,0
Connor Doherty,0,0,0
Faialaga Afamasaga,0,0,0
Florian Fritz,39,96,178
Francois De Klerk,0,0,0
Giorgi Pruidze,0,0,0
Gus Warr,0,0,0
Ignacio Mieres,35,90,189
Jack Metcalf,0,0,0
Kieran Wilkinson,0,0,0
Luke James,23,90,193
Marland Yarde,30,88,183
Raphael Quirke,0,0,0
Robert du Preez,29,96,192
Rohan Janse van Rensburg,28,109,183
Rouban Birch,0,0,0
Sam Dugdale,0,0,0
Sam Hill,29,98,184
Sam James,28,94,195
Simon Hammersley,29,93,188
Tom Curtis,0,0,0
Tom Roebuck,0,0,0
Will Cliff,34,78,178
Andy Saull,0,0,0
Ben Earl,25,102,188
Callum Hunter-Hill,25,103,198
Ethan Lewis,28,106,180
Gareth Milasinovich,30,134,190
Jackson Wray,32,101,188
Janco Venter,0,0,0
Marcel Henn,30,110,188
Marco Riccioni,25,116,183
Netani Talei,0,0,0
Ralph Adams-Hale,0,0,0
Ratunaisa Nauma,0,0,0
Richard Barrington,33,123,188
Sean Reffell,24,94,180
Tim Swinson,35,116,193
Tom Woolstencroft,28,100,184
Alec Clarey,0,0,0
Aled Davies,30,86,176
Alex Goode,34,91,180
Alex Lewington,31,93,183
Alex Lozowski,29,85,183
Ben Harris,0,0,0
Benoit Jasmin,0,0,0
Brandon Jackson,0,0,0
Dominic Morris,0,0,0
Duncan Taylor,33,92,189
Elliott Obatoyinbo,0,0,0
Harvey Beaton,0,0,0
Ionatana Tino,0,0,0
Ivan van Zyl,27,78,180
Jack Cobden,33,92,175
Josh Hallett,0,0,0
Luke Samoa,34,97,180
Manu Vunipola,0,0,0
Ralph Adams - Hale,0,0,0
Rotimi Segun,26,92,180
Sabin-Florin Stratila,27,80,187
Sean Maitland,34,98,188
Tim Menzel,31,70,169
Anthony Etrillard,29,108,180
Bastien Soury,27,100,180
Brian Alainu'uese,28,124,200
Bruce Devaux,0,0,0
Christopher Tolofua,29,120,183
Emerick Setiano,26,114,183
Florian Fresia,31,110,184
Julien Ory,0,0,0
Raphael Lakafia,34,95,185
Sergio Parisse,39,112,196
Swan Rebbadj,28,112,201
Willie Britz,34,108,193
Anthony Belleau,26,84,177
Anthony Meric,27,75,177
Baptiste Serin,28,87,178
Daniel Ikpefan,29,91,195
Duncan Paia'aua,28,91,180
ErwanDridi,0,0,0
Gervais Cordin,0,0,0
Isaia Toeava,37,96,181
Jeremy Boyadjis,0,0,0
Julien Heriteau,28,88,182
KalaniRobert,0,0,0
Louis Carbonel,24,88,177
LukaTchelidze,0,0,0
Ma'a Nonu,0,0,0
Ramiro Moyano,32,83,180
RayanRebbadj,0,0,0
Robbie Robinson,33,89,181
Rudi Wulf,39,91,182
Simon Moretti,0,0,0
Sébastien Taofifenua,0,0,0
Thomas Hoarau,0,0,0
Théo Dachary,0,0,0
Alban Placines,29,90,189
Antoine Miquel,28,105,190
Charlie Faumuina,36,128,184
Dorian Aldegheri,29,115,180
Guillaume Cramont,22,97,182
Paulo Tafili,0,0,0
Richie Arnold,32,127,208
Rodrigue Neti,27,108,185
Alexis Bales,32,75,173
Arthur Bonneval,27,82,181
Baptiste Germain,0,0,0
Dimitri Delibles,0,0,0
Emmanuel Meafou,0,0,0
Lucas Tauzin,24,96,187
Martin Page-Relo,0,0,0
Maxime Medard,36,85,180
Pierre Fouyssac,27,100,191
Pita Ahki,30,97,189
Sofiane Guitoune,33,94,184
Tim Nanai-Williams,33,88,178
Yannick Youyoutte,0,0,0
Zack Holmes,32,87,175
Alan O'Connor,30,110,195
Eric O'Sullivan,27,117,195
John Andrew,29,100,180
Jordi Murphy,31,102,188
Marcus Rea,25,108,188
Marty Moore,31,126,180
Sam Carter,33,116,201
Aaron Sexton,22,94,188
Billy Burns,28,87,183
Craig Gilroy,31,91,183
David Shanahan,29,77,175
Declan Moore,26,112,184
Frank Bradshaw-Ryan,27,116,205
Ian Madigan,33,89,178
John Cooney,32,85,178
Luke Marshall,31,99,180
Rob Lyttle,26,85,175
Archer Holz,0,0,0
Geoffrey Cridge,28,114,200
Harry Johnson-Holmes,25,111,186
Hugh Sinclair,0,0,0
Lachlan Swinton,0,0,0
Langi Gleeson,0,0,0
Mahe Vailanu,26,85,178
Paddy Ryan,32,120,187
Rahboni Warren-Vosayaco,27,108,190
Ruan Smith,33,123,188
Tetera Faulkner,34,117,178
Alex Newsome,28,93,189
Ben Donaldson,0,0,0
Carlo Tizzano,0,0,0
Charlie Gamble,0,0,0
Dylan Pietsch,0,0,0
Henry Robertson,0,0,0
Jack Grant,0,0,0
James Ramm,0,0,0
James Turner,24,101,190
Jamie Roberts,36,110,193
Jeremy Williams,0,0,0
Mark Nawaqanitawase,0,0,0
Max Douglas,0,0,0
Tane Edmed,0,0,0
Teddy Wilson,0,0,0
Tevita Funa,0,0,0
Tiaan Tauakipulu,0,0,0
Tom Horton,0,0,0
Triston Reilly,0,0,0
Will Harris,0,0,0
Will Harrison,0,0,0
Andrew Kitchener,26,108,203
Ben Murphy,0,0,0
Caleb Montgomery,0,0,0
Chris Judge,0,0,0
Christian Judge,0,0,0
Ethan Waller,30,110,183
Graham Kitchener,33,112,198
Isaac Miller,0,0,0
Jack Owlett,0,0,0
Joe Batley,0,0,0
Julien Pierre,41,109,197
Justin Clegg,0,0,0
Matt Garvey,35,122,196
Matt Kvesic,30,99,185
Michel Gomes,0,0,0
Murray McCallum,26,120,188
Niall Annett,31,102,185
Sam Lewis,32,96,180
Ted Hill,23,112,196
Tom Dodd,0,0,0
Alex Hearle,0,0,0
Ashley Beck,32,99,191
Beck Cutting,0,0,0
Billy Searle,26,76,178
Duncan Weir,31,93,173
Eli Walker,0,0,0
Fin Smith,0,0,0
Francois Venter,31,95,185
Gareth Simpson,0,0,0
Harry Doel,0,0,0
Jack Forsythe ,0,0,0
Jamie Shillcock,25,86,178
Jay Tyack,0,0,0
Kai Owen,0,0,0
Kyle Hatherell,0,0,0
Lewis Holsey,0,0,0
Marc Thomas,0,0,0
Melani Nanai,29,90,194
Nikolai Klewinghaus,24,79,184
Noah Heward,0,0,0
Oli Morris,23,87,178
Ollie Lawrence,0,0,0
Owen Williams,30,87,185
Paula Kinikinilau,36,105,185
Perry Humphreys,28,89,183
Rory Parata,0,0,0
Seb Atkinson,0,0,0
Tom Howe,27,90,183
Will Butler,24,85,178
Will Chudley,34,79,183
