year,team,world_rank_score
2023,Ireland,90.63
2022,South Africa,90.61
2021,South Africa,94.2
2020,South Africa,94.2
2019,New Zealand,92.55
2018,New Zealand,94
2017,New Zealand,94.78
2016,New Zealand,96.1
2015,New Zealand,93.7
2014,New Zealand,93.81
2013,New Zealand,90.08
2012,New Zealand,91.43
2011,New Zealand,93.19
2010,New Zealand,91.68
2009,New Zealand,92.7
2008,South Africa,90.82
2007,New Zealand,94.59
2006,New Zealand,93.32
2005,New Zealand,90.9
2004,England,93.99
2023,France,90.01
2022,New Zealand,88.75
2021,England,89.49
2020,New Zealand,92.12
2019,Ireland,91.18
2018,England,90.88
2017,England,90.47
2016,Australia,89.33
2015,South Africa,88.23
2014,South Africa,89.34
2013,South Africa,86.94
2012,Australia,87.99
2011,Australia,87.45
2010,South Africa,88.6
2009,South Africa,89.46
2008,New Zealand,89.61
2007,France,85.87
2006,South Africa,88.76
2005,Australia,88.58
2004,New Zealand,90.12
2023,New Zealand,88.98
2022,England,87.83
2021,New Zealand,88.95
2020,England,88.83
2019,Wales,87.26
2018,Ireland,86.4
2017,Australia,86.36
2016,South Africa,87.69
2015,Ireland,85.48
2014,Australia,86.88
2013,Australia,86.87
2012,France,84.7
2011,South Africa,86.44
2010,Australia,85.56
2009,Australia,85.87
2008,Argentina,87.45
2007,Australia,85.5
2006,France,86.1
2005,England,86.59
2004,Australia,86.58
2023,South Africa,88.97
2022,Ireland,86.53
2021,France,85.3
2020,Wales,85.03
2019,England,86.23
2018,Australia,85.51
2017,Ireland,84.63
2016,Wales,83.49
2015,England,84.85
2014,England,85.7
2013,France,85.07
2012,South Africa,84.34
2011,England,82.48
2010,Ireland,84.6
2009,Argentina,81.58
2008,England,85.57
2007,South Africa,84.69
2006,Australia,83.93
2005,South Africa,85.78
2004,France,82.71
2023,England,83.66
2022,France,85.53
2021,Ireland,84.65
2020,Ireland,84.46
2019,South Africa,84.59
2018,Scotland,84.13
2017,Wales,82.56
2016,Argentina,82.6
2015,Australia,82.94
2014,France,80.87
2013,England,83.9
2012,England,81.58
2011,Ireland,81.79
2010,France,82.41
2009,Wales,81.03
2008,Australia,84.2
2007,Ireland,84.67
2006,England,83.27
2005,France,83.7
2004,South Africa,81.23
2023,Australia,81.8
2022,Australia,83.92
2021,Australia,83.08
2020,Australia,81.91
2019,Australia,82.41
2018,South Africa,83.82
2017,South Africa,81.8
2016,Ireland,81.17
2015,Wales,81.61
2014,Wales,80.19
2013,Ireland,80.22
2012,Ireland,80.65
2011,France,81.66
2010,England,80.72
2009,England,80.87
2008,France,80.36
2007,Argentina,79.07
2006,Wales,82.54
2005,Ireland,82.61
2004,Ireland,80.53
2023,Scotland,81.55
2022,Scotland,83.05
2021,Scotland,80.82
2020,France,80.88
2019,Scotland,81.86
2018,Wales,82.09
2017,Scotland,80.71
2016,France,79.77
2015,France,79.63
2014,Ireland,79.33
2013,Samoa,78.71
2012,Argentina,80.28
2011,Scotland,81.2
2010,Argentina,80.56
2009,France,79.51
2008,Ireland,78.67
2007,England,78.61
2006,Ireland,80.03
2005,Argentina,77.63
2004,Argentina,78.02
2023,Argentina,80.72
2022,Wales,81.56
2021,Argentina,80.31
2020,Japan,79.29
2019,Fiji,77.95
2018,Argentina,78.23
2017,France,80.14
2016,England,79.76
2015,Scotland,78.81
2014,Samoa,77.34
2013,Argentina,78.71
2012,Wales,79.61
2011,Argentina,78.97
2010,Wales,79.89
2009,Ireland,78.51
2008,Scotland,76.7
2007,Wales,76.87
2006,Argentina,74.26
2005,Wales,76.91
2004,Wales,76.92
2023,Wales,78.09
2022,Argentina,80.58
2021,Wales,79.36
2020,Scotland,79.24
2019,France,77.34
2018,France,78.11
2017,Argentina,79.93
2016,Scotland,78.01
2015,Argentina,78.23
2014,Scotland,76.56
2013,Wales,78.39
2012,Tonga,76.63
2011,Wales,77.04
2010,Scotland,76.59
2009,Scotland,76.75
2008,Fiji,75.88
2007,Scotland,76.73
2006,Samoa,74.17
2005,Scotland,74.65
2004,Scotland,76.36
2023,Japan,77.39
2022,Japan,78.26
2021,Japan,79.29
2020,Argentina,78.31
2019,Argentina,77.06
2018,Fiji,77.93
2017,Fiji,76.43
2016,Japan,77.14
2015,Samoa,75.7
2014,Argentina,76.44
2013,Italy,76.24
2012,Scotland,76.2
2011,Fiji,74.05
2010,Fiji,75.9
2009,Fiji,75.24
2008,Wales,74.17
2007,Samoa,73.72
2006,Scotland,73.52
2005,Fiji,73.27
2004,Samoa,73.46
2023,Samoa,76.03
2022,Fiji,76.62
2021,Fiji,76.87
2020,Fiji,76.21
2019,Japan,75.25
2018,Japan,75.67
2017,Japan,74.27
2016,Fiji,76.9
2015,Japan,74.9
2014,Fiji,74.21
2013,Tonga,76.1
2012,Samoa,75.81
2011,Samoa,74.01
2010,Italy,72.59
2009,Italy,74.56
2008,Italy,73.29
2007,Fiji,73.11
2006,Fiji,72.73
2005,Italy,72.51
2004,Italy,71.88
2023,Italy,75.95
2022,Georgia,73.72
2021,Georgia,72.18
2020,Italy,72.06
2004,USA,67.65
2018,Georgia,73.45
2017,Georgia,74.16
2016,Italy,72.79
2015,Fiji,74.36
2014,Tonga,73.21
2013,Scotland,75.83
2012,Italy,73.99
2011,Italy,73.31
2010,Samoa,72.08
2009,Samoa,72.56
2008,Samoa,71.61
2007,Italy,72.79
2006,Italy,72.18
2005,Samoa,71.03
2004,Fiji,71.82
2023,Georgia,75.19
2022,Samoa,73.59
2021,Tonga,71.44
2020,Tonga,71.44
2019,Georgia,73.41
2018,Tonga,71.86
2017,Italy,72.5
2016,Tonga,71.61
2015,Tonga,74.11
2014,Italy,73.13
2013,Fiji,71.52
2012,Canada,72.92
2011,Japan,71.44
2010,Japan,70.58
2009,Tonga,70.04
2008,Tonga,71.51
2007,Canada,69.32
2006,Canada,68.66
2005,Romania,68.78
2004,Canada,68.55
2023,Fiji,74.84
2022,Italy,70.51
2021,Italy,70.88
2020,Georgia,71.26
2019,Tonga,73.01
2018,Italy,71.27
2017,Tonga,71.96
2016,Georgia,71.46
2015,Italy,71.25
2014,Japan,72.44
2013,Canada,71.41
2012,Georgia,71.09
2011,Canada,69.18
2010,Canada,68.79
2009,Georgia,69.42
2008,Canada,67.24
2005,USA,66.4
2006,USA,68.29
2005,Canada,68.09
2004,Romania,68.04
2023,Tonga,71.21
2022,Romania,67.91
2021,Samoa,70.72
2020,Samoa,70.72
2019,Italy,72.76
2018,Romania,69.39
2017,Samoa,71.29
2016,Samoa,70.46
2015,Georgia,70.78
2014,Canada,70.75
2013,Japan,70.09
2012,Japan,70.45
2011,Georgia,68.21
2010,Tonga,68.1
2009,Canada,69.11
2008,Romania,66.69
2007,Romania,68.26
2006,Uruguay,66.67
2005,Uruguay,66.92
2007,USA,69.24
2023,Spain,67.17
2022,Tonga,67.72
2008,USA,64.67
2020,Spain,68.15
2019,Samoa,68.77
2018,Samoa,69.04
2017,Romania,68.78
2009,USA,63.54
2010,USA,67.05
2014,Georgia,69.07
2011,USA,67.69
2012,Fiji,68.78
2012,USA,65.63
2013,USA,68.32
2009,Japan,68.03
2008,Georgia,66.42
2007,Tonga,66.01
2006,Romania,66.66
2014,USA,67.79
2004,Uruguay,64.88
2023,Uruguay,66.24
2015,USA,67.53
2021,Spain,67.51
2016,USA,68.74
2019,Uruguay,66.83
2017,USA,64.62
2018,USA,66.83
2016,Romania,66.6
2015,Romania,67.34
2019,USA,73.62
2013,Georgia,65.83
2020,USA,68.1
2011,Tonga,67.34
2010,Georgia,66.85
2009,Romania,67.18
2008,Russia,65.88
2007,Georgia,64.97
2006,Portugal,65.94
2005,Portugal,65.8
2004,Tonga,63.15
2023,Portugal,65.97
2022,Uruguay,66.4
2021,Uruguay,67.02
2020,Uruguay,67.41
2019,Romania,65.35
2018,Uruguay,65.7
2017,Canada,63.92
2016,Russia,63.52
2015,Canada,67.11
2014,Romania,67.47
2013,Spain,63.09
2012,Romania,63.98
2011,Russia,65.56
2010,Russia,66.21
2009,Russia,64.62
2008,Japan,65.34
2007,Japan,64.86
2006,Japan,65.48
2005,Japan,64.83
2004,Portugal,62.03
2021,USA,68.1
2022,Spain,66.2
2021,Romania,65.33
2020,Romania,66.64
2019,Russia,65.19
2018,Russia,64.44
2017,Russia,63.26
2016,Canada,62.75
2015,Russia,63.96
2014,Uruguay,60.77
2013,Romania,62.12
2012,Namibia,61.24
2011,Romania,65.54
2010,Romania,64.62
2022,USA,66.54
2023,USA,65.92
2007,Uruguay,64.4
2006,Georgia,63.79
2005,Tonga,62.72
2004,Georgia,61.57
2023,Romania,64.79
2022,Portugal,65.84
2021,Portugal,62.44
2020,Russia,63.08
2019,Canada,62.94
2018,Spain,61.69
2017,Namibia,62.98
2016,Spain,61.91
2015,Uruguay,63.15
2014,Spain,60.69
2013,Russia,61.49
2012,Russia,60.54
2011,Uruguay,60.94
2010,Uruguay,60.89
2009,Uruguay,62.78
2008,Uruguay,63.18
2007,Russia,62.7
2006,Tonga,62.04
2005,Georgia,61.08
2004,Japan,61.42
2023,Namibia,61.6
2022,Canada,61.8
2021,Russia,62.12
2020,Hong Kong,61.23
2019,Spain,62.24
2018,Canada,61.1
2017,Uruguay,60.84
2016,Namibia,61.73
2015,Spain,60.63
2014,Russia,60.31
2013,Belgium,60.43
2012,Uruguay,60.47
2011,Portugal,60.94
2010,Portugal,59.72
2009,Spain,61.17
2008,Spain,62.3
2007,Portugal,61.54
2006,Morocco,61.51
2005,Korea,60.24
2004,Morocco,60.87
2023,Chile,60.89
2022,Hong Kong,61.23
2021,Hong Kong,61.23
2020,Canada,61.11
2019,Namibia,60.38
2018,Hong Kong,59.68
2017,Spain,60.23
2016,Uruguay,61.72
2015,Portugal,58.49
2014,Portugal,59.37
2013,Portugal,59.63
2012,Spain,60.33
2011,Namibia,60.66
2010,Namibia,59.62
2009,Korea,59
2008,Portugal,60.15
2007,Korea,60.05
2006,Korea,60.35
2005,Morocco,59.94
2004,Korea,60.78
2023,Canada,60.46
2022,Chile,59.88
2021,Canada,61.11
2020,Namibia,61.04
2019,Netherlands,58.47
2018,Namibia,59.03
2017,Kenya,59.3
2016,Hong Kong,57.31
2015,Namibia,58.27
2014,Namibia,58.79
2013,Uruguay,59.37
2012,Chile,59.52
2011,Spain,58.63
2010,Spain,59.01
2009,Portugal,58.56
2008,Korea,57.92
2007,Namibia,59.29
2006,Chile,59.22
2005,Namibia,59.38
2004,Russia,60.2
2023,Hong Kong,59.66
2022,Namibia,59.72
2021,Namibia,61.04
2020,Portugal,61.01
2019,Hong Kong,58.12
2018,Chile,58.11
2017,Germany,58.98
2016,Chile,56.88
2015,Korea,57.22
2014,Korea,58.1
2013,Namibia,58.45
2012,Portugal,59.3
2011,Chile,56.68
2010,Chile,57.95
2009,Chile,56.84
2008,Chile,57.07
2007,Chile,59.22
2006,Russia,59.2
2005,Chile,58.79
2004,Chile,59.65
2023,Russia,58.06
2022,Russia,58.6
2021,Netherlands,60.09
2020,Netherlands,60.09
2019,Belgium,58.06
2018,Portugal,57.8
2017,Portugal,56.96
2016,Korea,56.76
2015,Germany,56.29
2014,Hong Kong,56.35
2013,Chile,57.02
2012,Belgium,57.02
2011,Belgium,56.44
2010,Korea,57.88
2009,Namibia,56.82
2008,Namibia,56.82
2007,Spain,57.78
2006,Namibia,58.52
2005,Russia,58.15
2004,Namibia,58.45
2023,Belgium,55.97
2022,Netherlands,56.82
2021,Brazil,57.71
2020,Brazil,58.88
2019,Germany,57.81
2018,Germany,56.49
2017,Belgium,56.88
2016,Germany,56.66
2015,Hong Kong,56.07
2014,Germany,56.24
2013,Poland,56.91
2012,Hong Kong,56.51
2011,Morocco,56.13
2010,Germany,55.72
2009,Germany,56.73
2008,Germany,56.57
2007,Morocco,56.49
2006,Czechia,58.32
2005,Ukraine,57.84
2004,Ukraine,58.32
2023,Brazil,55.23
2022,Belgium,54.86
2021,Belgium,57.17
2020,Belgium,55.72
2019,Portugal,57.1
2018,Netherlands,55.92
2017,Hong Kong,56.58
2016,Portugal,56.29
2015,Zimbabwe,55.9
2014,Belgium,55.72
2013,Korea,56.72
2012,Morocco,56.13
2011,Kazakhstan,55.21
2010,Ukraine,55.47
2009,Belgium,55.12
2008,Belgium,54.58
2007,Germany,55.62
2006,Spain,55.79
2005,Czechia,56.64
2004,Czechia,57.61
2023,Switzerland,53.8
2022,Poland,53.81
2021,Switzerland,54.12
2020,Germany,54.63
2019,Brazil,56.82
2018,Brazil,55.65
2017,Korea,55.46
2016,Kenya,55.79
2015,Moldova,55.42
2014,Chile,55.44
2013,Hong Kong,55.69
2012,Moldova,54.94
2011,Brazil,54.56
2010,Kazakhstan,55.07
2009,Brazil,55
2008,Hong Kong,54.58
2007,Czechia,53.87
2006,Germany,55.6
2005,Hong Kong,55.53
2004,Hong Kong,55.27
2023,Netherlands,53.12
2022,Brazil,53.31
2021,Chile,53.81
2020,Chile,53.81
2019,Chile,54.34
2018,Belgium,55.33
2017,Netherlands,54.96
2016,Belgium,55.69
2015,Chile,54.54
2014,Moldova,55.11
2013,Germany,54.52
2012,Poland,54.8
2011,Ukraine,54.35
2010,Brazil,54.97
2009,Tunisia,53.36
2008,Moldova,54.45
2007,Paraguay,53.82
2006,Hong Kong,54.09
2005,Germany,55.16
2004,Germany,54.46
2023,Poland,53.03
2022,Germany,53.15
2021,Germany,53.13
2020,Korea,53.11
2019,Korea,53.58
2018,Kenya,54.25
2017,Chile,54.74
2016,Ukraine,55.54
2015,Belgium,54.45
2014,Zimbabwe,53.86
2013,Ukraine,53.8
2012,Kazakhstan,53.62
2011,Germany,54.24
2010,Tunisia,54.11
2009,Hong Kong,53.18
2008,Morocco,54.14
2007,Hong Kong,53.29
2006,Paraguay,53.82
2005,Tunisia,54.09
2004,Spain,54.28
2023,Germany,52.79
2022,Korea,53.11
2021,Korea,53.11
2020,Switzerland,52.62
2019,Switzerland,53.26
2018,Switzerland,53.35
2017,Czechia,52.74
2016,Zimbabwe,53.27
2015,Kenya,53.05
2014,Netherlands,52.86
2013,Zimbabwe,52.57
2012,Korea,53.36
2011,Czechia,53.3
2010,Belgium,53.47
2009,Ukraine,52.71
2008,Paraguay,53.82
2007,Ukraine,52.95
2006,Ukraine,53.67
2005,Netherlands,53.5
2004,Tunisia,54.09
2023,Korea,52.62
2022,Colombia,51.87
2021,Kenya,52.55
2020,Kenya,52.55
2019,Kenya,52.8
2018,Korea,53.33
2017,Poland,52.1
2016,Moldova,53.24
2015,Ukraine,52.34
2014,Poland,52.55
2013,Morocco,52.35
2012,Ukraine,53.22
2011,Korea,52.87
2010,Morocco,53.06
2009,Poland,52.49
2008,Kazakhstan,52.68
2007,Tunisia,52.65
2006,Poland,51.82
2005,Spain,53.43
2004,Chinese Taipei,52.54
2023,Zimbabwe,52.43
2022,Zimbabwe,51.82
2021,Colombia,51.87
2020,Colombia,51.87
2019,Poland,52.31
2018,Czechia,53.28
2017,Switzerland,51.84
2016,Netherlands,51.88
2015,Netherlands,52.27
2014,Ukraine,52.17
2013,Brazil,52.18
2012,Zimbabwe,52.4
2011,Kenya,52.84
2010,Czechia,52.63
2009,Paraguay,52.4
2008,Brazil,52.55
2007,Belgium,52.56
2006,Netherlands,51.45
2005,Paraguay,53.18
2004,Poland,52.2
2023,Kenya,51.79
2022,Kenya,51.77
2021,Poland,51.13
2020,Poland,51.13
2019,Lithuania,51.54
2018,Poland,52.17
2017,Moldova,51.6
2016,Poland,51.87
2015,Poland,51.47
2014,Kenya,51.45
2013,Sweden,51.91
2012,Brazil,51.57
2011,Moldova,52.84
2010,Netherlands,52.62
2009,Kazakhstan,52.25
2008,Uganda,52.11
2007,Moldova,52.39
2006,Tunisia,51.32
2005,Poland,52.7
2004,Brazil,51.56
2023,Czechia,50.26
2022,Switzerland,51.53
2021,Zimbabwe,50.71
2020,Zimbabwe,50.71
2019,Ukraine,50.27
2018,Uganda,50.72
2017,Ukraine,51.37
2016,Switzerland,50.95
2015,Brazil,51.32
2014,Morocco,51.18
2013,Kazakhstan,51.28
2012,Sweden,51.46
2011,Tunisia,52.35
2010,Poland,52.18
2009,Morocco,52.25
2008,Czechia,51.92
2007,Brazil,52.31
2006,Belgium,51.25
2005,Brazil,51.55
2004,Paraguay,51.25
2023,Ukraine,49.61
2022,Czechia,50.87
2021,Ukraine,50.35
2020,Ukraine,50.35
2019,Colombia,49.85
2018,Lithuania,50.68
2017,Brazil,50.84
2016,Czechia,50.67
2015,Czechia,51.25
2014,Brazil,50.95
2013,Kenya,50.28
2012,Germany,51.46
2011,Arabian Gulf,51.89
2010,Paraguay,50.93
2009,Moldova,51.81
2008,Tunisia,51.58
2007,Poland,50.92
2006,Croatia,50.87
2005,Chinese Taipei,51.24
2004,Denmark,50.78
2023,Colombia,48.69
2022,Ukraine,50.23
2021,Czechia,50.03
2020,Czechia,50.03
2019,Paraguay,49.61
2018,Ukraine,49.07
2017,Zimbabwe,50
2016,Paraguay,50.47
2015,Morocco,51.18
2014,Madagascar,50.83
2013,Paraguay,50.06
2012,Czechia,51.46
2011,Hong Kong,51.43
2010,Lithuania,50.79
2009,Czechia,51.46
2008,Poland,51.43
2007,Latvia,49.54
2006,Brazil,50.72
2005,Croatia,49.99
2004,Switzerland,50.41
2023,Tunisia,48.55
2022,Malta,49.27
2021,Malta,49.13
2020,Malta,49.13
2019,Czechia,49.61
2018,Morocco,48.93
2017,Paraguay,49.53
2016,Sri Lanka,49.8
2015,Tunisia,49.91
2014,Paraguay,50.09
2013,Netherlands,49.83
2012,Tunisia,51.34
2011,Poland,51.33
2010,Moldova,50.52
2009,Uganda,51.42
2008,Kenya,50.28
2007,Netherlands,49.52
2006,Kenya,48.97
2005,Moldova,49.21
2004,Croatia,49.95
2023,Paraguay,48.14
2022,Tunisia,48.55
2021,Tunisia,48.55
2020,Tunisia,48.55
2019,Malta,49.48
2018,Malta,48.89
2017,Senegal,48.88
2016,Tunisia,49.11
2015,Paraguay,49.76
2014,Switzerland,49.83
2013,Moldova,49.53
2012,Kenya,50.49
2011,Paraguay,50.23
2010,Hong Kong,50.42
2009,Kenya,50.62
2008,Ukraine,50.23
2007,Croatia,49.39
2006,Arabian Gulf,48.76
2005,Switzerland,49.08
2004,China,48.94
2023,Lithuania,48.09
2022,Cote D'Ivoire,47.88
2021,Uganda,47.85
2020,Uganda,47.85
2019,Zimbabwe,49.31
2018,Paraguay,48.58
2017,Sri Lanka,48.72
2016,Lithuania,48.86
2015,Kazakhstan,48.91
2014,Sri Lanka,49.69
2013,Malta,48.87
2012,Lithuania,50.01
2011,Lithuania,49.83
2010,Cote D'Ivoire,50.31
2009,Cote D'Ivoire,50.09
2008,Sweden,49.95
2007,Kenya,48.86
2006,Cote D'Ivoire,48.59
2005,Cote D'Ivoire,48.87
2004,Cote D'Ivoire,48.87
2023,Sweden,48.06
2022,Philippines,47.8
2021,Philippines,47.8
2020,Philippines,47.8
2019,Tunisia,48.55
2018,Colombia,48.36
2017,Kazakhstan,48.14
2016,Madagascar,48.59
2015,Malta,48.74
2014,Sweden,48.64
2013,Uganda,48.76
2012,Paraguay,48.84
2011,Sweden,49.71
2010,Croatia,50.06
2009,Netherlands,49.95
2008,China,48.68
2007,Arabian Gulf,48.76
2006,Chinese Taipei,48.54
2005,China,48.82
2004,Netherlands,48.38
2023,Philippines,47.8
2022,Mexico,47.63
2021,Cote D'Ivoire,47.62
2020,Cote D'Ivoire,47.62
2019,Uganda,48.37
2018,Sri Lanka,48.28
2017,Colombia,47.98
2016,Brazil,48.44
2015,Senegal,48.33
2014,Malta,48.61
2013,Madagascar,48.19
2012,Malta,47.93
2011,Netherlands,48.63
2010,Uganda,49.71
2009,Lithuania,49.66
2008,Croatia,48.64
2007,Sweden,48.75
2006,China,48.54
2005,Denmark,48.31
2004,Madagascar,48.2
2023,Uganda,47.25
2022,Lithuania,47.16
2021,Mexico,47.22
2020,Mexico,47.22
2019,Sri Lanka,48.28
2018,Kazakhstan,48.14
2017,Uganda,47.75
2016,Kazakhstan,48.14
2015,Lithuania,47.65
2014,Tunisia,48.25
2013,Tunisia,48.18
2012,Uganda,47.69
2011,Sri Lanka,48.36
2010,Kenya,49.68
2009,Sweden,49.44
2008,Arabian Gulf,48.46
2007,Chinese Taipei,48.41
2006,Moldova,47.72
2005,Singapore,48.01
2004,Kazakhstan,47.97
2023,Madagascar,46.89
2022,Senegal,47.1
2021,Lithuania,47.16
2020,Lithuania,47.16
2019,Cote D'Ivoire,46.66
2018,Tunisia,47.78
2017,Malta,47.67
2016,Trinidad & Tobago,47.38
2015,Madagascar,47.5
2014,Senegal,48.23
2013,Lithuania,47.84
2012,Cote D'Ivoire,47.52
2011,Croatia,48.15
2010,Arabian Gulf,49.32
2009,China,48.68
2008,Latvia,48.39
2007,Cote D'Ivoire,48.22
2006,Madagascar,47.71
2005,Madagascar,47.57
2004,Latvia,47.82
2023,Malta,46.75
2022,Croatia,46.92
2021,Croatia,46.92
2020,Croatia,46.92
2019,Sweden,46.46
2018,Zimbabwe,47.62
2017,Lithuania,47.49
2016,Cook Islands,47.11
2015,Cote D'Ivoire,47.41
2014,Kazakhstan,48.11
2013,Croatia,47.76
2012,Netherlands,47.1
2011,Uganda,48.13
2010,Trinidad & Tobago,47.19
2009,Croatia,47.89
2008,Cote D'Ivoire,48.2
2007,Sri Lanka,48.12
2006,Switzerland,47.7
2005,Zimbabwe,47.36
2004,Belgium,47.61
2023,Sri Lanka,46.73
2022,Madagascar,46.89
2021,Paraguay,46.87
2020,Paraguay,46.87
2019,Morocco,46.33
2018,Moldova,47.5
2017,Cook Islands,47.11
2016,Croatia,46.98
2015,Switzerland,47.22
2014,Cote D'Ivoire,47.49
2013,Cote D'Ivoire,47.67
2012,Sri Lanka,47.03
2011,Cote D'Ivoire,47.52
2010,Zimbabwe,46.91
2009,Madagascar,47.71
2008,Madagascar,47.92
2007,Kazakhstan,47.95
2006,Zimbabwe,47.14
2005,Venezuela,47.33
2004,Arabian Gulf,47.25
2023,Croatia,46.67
2022,Paraguay,46.87
2021,Sri Lanka,46.73
2020,Sri Lanka,46.73
2019,Malaysia,46.27
2018,Malaysia,47.31
2017,Madagascar,47
2016,Colombia,46.51
2015,Cook Islands,47.11
2014,Cook Islands,47.11
2013,Czechia,47.66
2012,Papua New Guinea,46.55
2011,Trinidad & Tobago,47.19
2010,Madagascar,46.9
2009,Arabian Gulf,47.15
2008,Netherlands,47.78
2007,Madagascar,47.95
2006,Kazakhstan,47.1
2005,Sweden,47.24
2004,Zimbabwe,47.22
2023,Morocco,46.33
2022,Sri Lanka,46.73
2021,Morocco,46.33
2020,Morocco,46.33
2019,Croatia,45.86
2018,Guyana,46.56
2017,Tunisia,46.91
2016,Uganda,46.38
2015,Sri Lanka,46.97
2014,Czechia,47
2013,Sri Lanka,47.6
2012,Bermuda,45.94
2011,Madagascar,46.45
2010,Papua New Guinea,46.19
2009,Trinidad & Tobago,46.77
2008,Chinese Taipei,46.95
2007,Switzerland,47.13
2006,Sri Lanka,47.03
2005,Kenya,46.67
2004,Sweden,47.17
2023,Cote D'Ivoire,46.24
2022,Morocco,46.33
2021,Malaysia,46.12
2020,Malaysia,46.12
2019,Trinidad & Tobago,45.51
2018,Madagascar,46.45
2017,Morocco,46.48
2016,Malta,46.15
2015,Croatia,46.47
2014,Israel,46.83
2013,Senegal,47.14
2012,Switzerland,45.88
2011,Papua New Guinea,46.19
2010,China,46.12
2009,Singapore,46.53
2008,Sri Lanka,46.46
2007,China,46.36
2006,Singapore,46.72
2005,Kazakhstan,46.64
2004,Venezuela,46.98
2023,Malaysia,46.12
2022,Malaysia,46.12
2021,Trinidad & Tobago,45.51
2020,Trinidad & Tobago,45.51
2019,Cayman Islands,45.2
2018,Senegal,45.92
2017,Trinidad & Tobago,46.25
2016,Cote D'Ivoire,45.9
2015,Colombia,46.37
2014,Trinidad & Tobago,46.38
2013,Bermuda,46.78
2012,Trinidad & Tobago,45.85
2011,Zimbabwe,46.15
2010,Sweden,46.1
2009,Chinese Taipei,46.24
2008,Cook Islands,45.87
2007,Uganda,46.34
2006,Latvia,46.44
2005,Belgium,46.55
2004,Trinidad & Tobago,46.36
2023,Mexico,45.82
2022,Uganda,45.85
2021,Madagascar,45.14
2020,Madagascar,45.14
2019,Philippines,45.19
2018,Cote D'Ivoire,45.88
2017,Cote D'Ivoire,45.76
2016,Senegal,45.74
2015,Sweden,46.22
2014,Uganda,46.36
2013,Papua New Guinea,46.55
2012,Croatia,45.84
2011,Singapore,44.96
2010,Singapore,45.94
2009,Sri Lanka,45.52
2008,Malta,45.72
2007,Singapore,46
2006,Cook Islands,45.87
2005,Trinidad & Tobago,46.36
2004,Kenya,46.3
2023,Trinidad & Tobago,45.51
2022,Sweden,45.84
2021,Cook Islands,45.11
2020,Cook Islands,45.11
2019,Mexico,45.13
2018,Latvia,45.65
2017,Latvia,45.63
2016,Morocco,45.18
2015,Philippines,45.57
2014,Lithuania,46.06
2013,Switzerland,46.16
2012,Singapore,45.67
2011,Bermuda,44.74
2010,Chinese Taipei,45.78
2009,Papua New Guinea,45.52
2008,Switzerland,45.51
2007,Cook Islands,45.87
2006,Denmark,45.77
2005,Arabian Gulf,45.78
2004,Moldova,46.19
2023,Cook Islands,45.11
2022,Trinidad & Tobago,45.51
2021,Sweden,45.04
2020,Sweden,45.04
2019,Cook Islands,45.11
2018,Trinidad & Tobago,45.51
2017,Mexico,45.62
2016,Philippines,45.13
2015,Trinidad & Tobago,45.5
2014,Bermuda,45.53
2013,Israel,46.06
2012,Venezuela,45.36
2011,Cook Islands,44.61
2010,Malta,45.68
2009,Malta,45.14
2008,Papua New Guinea,45.09
2007,Zimbabwe,45.51
2006,Malta,45.52
2005,Slovenia,45.39
2004,Slovenia,46.04
2023,Cayman Islands,44.37
2022,Cook Islands,45.11
2021,Senegal,44.89
2020,Senegal,44.89
2019,Madagascar,45.1
2018,Cayman Islands,45.2
2017,Malaysia,45.55
2016,Guyana,44.88
2015,Guyana,45.49
2014,Papua New Guinea,45.27
2013,Trinidad & Tobago,44.68
2012,Senegal,45.24
2011,Malta,44.44
2010,Sri Lanka,45.64
2009,Switzerland,45.14
2008,Singapore,44.88
2007,Papua New Guinea,45.09
2006,Sweden,45.5
2005,Malta,45.02
2004,Peru,45.75
2023,Singapore,44.05
2022,Singapore,44.05
2021,Singapore,44.05
2020,Singapore,44.05
2019,Senegal,44.89
2018,Mexico,45.12
2017,Guyana,45.35
2016,Sweden,43.95
2015,Cayman Islands,45.41
2014,Singapore,44.54
2013,Cook Islands,44.61
2012,Cook Islands,44.61
2011,Latvia,43.85
2010,Colombia,44.99
2009,Latvia,45.11
2008,Lithuania,44.86
2007,Malta,44.23
2006,Venezuela,45.45
2005,Cook Islands,44.68
2004,Singapore,44.9
2023,Senegal,43.22
2022,Guyana,42.86
2021,Luxembourg,43.41
2020,Luxembourg,43.41
2019,Guyana,43.69
2018,Cook Islands,45.11
2017,Croatia,44.64
2016,Mexico,43.61
2015,Papua New Guinea,45.27
2014,Croatia,44.42
2013,Philippines,44.34
2012,Madagascar,44.31
2011,Senegal,43.83
2010,Cook Islands,44.61
2009,Zimbabwe,44.45
2008,Zimbabwe,44.45
2007,Trinidad & Tobago,43.97
2006,Peru,45.44
2005,Bermuda,44.57
2004,Bermuda,44.57
2023,Moldova,43.04
2022,Cayman Islands,42.56
2021,Cayman Islands,42.97
2020,Cayman Islands,42.97
2019,Moldova,43.65
2018,Croatia,44.71
2017,Sweden,44.61
2016,Malaysia,43.53
2015,Uganda,44.68
2014,Philippines,44.09
2013,Colombia,43.65
2012,Chinese Taipei,43.62
2011,Malaysia,42.95
2010,Bermuda,43.59
2009,Cook Islands,44.03
2008,Trinidad & Tobago,43.97
2007,Cayman Islands,43.87
2006,Papua New Guinea,45.09
2005,Peru,44.16
2004,Serbia,44.05
2023,Guyana,42.86
2022,Moldova,42.14
2021,Guyana,42.86
2020,Guyana,42.86
2019,Latvia,43.44
2018,Singapore,44.36
2017,Philippines,44.2
2016,Israel,42.97
2015,Singapore,44.54
2014,Chinese Taipei,43.41
2013,Guyana,43.56
2012,Andorra,42.56
2011,Andorra,42.91
2010,Switzerland,43.05
2009,Venezuela,43.92
2008,Cayman Islands,43.87
2007,Venezuela,43.4
2006,Andorra,44.61
2005,Sri Lanka,44.05
2004,Cook Islands,44
2023,Bulgaria,42.4
2022,Luxembourg,41.77
2021,Moldova,42.14
2020,Moldova,42.14
2019,Singapore,42.62
2018,Israel,43.64
2017,Singapore,42.9
2016,Singapore,42.92
2015,Israel,44.03
2014,Thailand,43.37
2013,Thailand,43.44
2012,Guyana,42.54
2011,Venezuela,42.88
2010,Serbia,42.82
2009,Slovenia,43.72
2008,Denmark,43.8
2007,Barbados,43.13
2006,Trinidad & Tobago,43.97
2005,Cayman Islands,43.97
2004,Thailand,43.98
2023,United Arab Emirates,41.23
2022,Israel,41.68
2021,Israel,41.68
2020,Venezuela,41.87
2019,Kazakhstan,42.14
2018,Philippines,43.44
2017,Cayman Islands,42.88
2016,Andorra,42.88
2015,Latvia,43.1
2014,Colombia,43.33
2013,Chinese Taipei,43.19
2012,Denmark,42.04
2011,Thailand,42.4
2010,Venezuela,42.79
2009,Niue Island,42.36
2008,Peru,43.34
2007,Denmark,42.92
2006,Cayman Islands,43.87
2005,Andorra,43.94
2004,Zambia,43.82
2023,Luxembourg,41.08
2022,United Arab Emirates,41.23
2021,United Arab Emirates,41.23
2020,Israel,41.68
2019,Venezuela,41.87
2018,Sweden,42.86
2017,Israel,42.78
2016,Cayman Islands,42.87
2015,Chinese Taipei,42.62
2014,Guyana,43.19
2013,Andorra,42.15
2012,Israel,42.02
2011,Chinese Taipei,42.27
2010,Latvia,42.76
2009,Thailand,42.33
2008,Barbados,43.13
2007,Lithuania,42.65
2006,Barbados,43.13
2005,Thailand,43.58
2004,Cayman Islands,43.76
2023,Israel,40.98
2022,Kazakhstan,40.86
2021,Kazakhstan,40.86
2020,United Arab Emirates,41.23
2019,Israel,41.79
2018,Venezuela,41.87
2017,Venezuela,41.14
2016,Latvia,41.97
2015,Malaysia,42.22
2014,Andorra,42.62
2013,Venezuela,41.83
2012,China,41.78
2011,Slovenia,42.12
2010,Cayman Islands,42.12
2009,Bermuda,42.26
2008,Hungary,42.62
2007,Andorra,42.63
2006,Uganda,42.94
2005,Papua New Guinea,43.52
2004,Papua New Guinea,43.52
2023,Kazakhstan,40.91
2022,Latvia,40.85
2021,Latvia,40.85
2020,Kazakhstan,40.86
2019,Chinese Taipei,41.48
2018,Luxembourg,41.21
2017,Luxembourg,40.64
2016,Luxembourg,41.67
2015,Venezuela,41.65
2014,Cayman Islands,42.52
2013,Malaysia,41.37
2012,Malaysia,41.75
2011,Peru,41.98
2010,Senegal,42.12
2009,Cayman Islands,42.12
2008,Colombia,42.55
2007,Senegal,42.13
2006,Austria,42.71
2005,Latvia,43.47
2004,Sri Lanka,42.74
2023,Latvia,40.73
2022,Hungary,40.68
2021,Hungary,40.68
2020,Latvia,40.85
2019,Jamaica,40.52
2018,China,39.58
2017,Andorra,40.58
2016,Botswana,40.95
2015,Bermuda,41.59
2014,Venezuela,41.67
2013,Cayman Islands,41.27
2012,Peru,41.64
2011,Colombia,41.73
2010,Hungary,41.89
2009,Hungary,42.11
2008,Andorra,42.53
2007,Slovenia,41.9
2006,Thailand,42.13
2005,Zambia,43.09
2004,Andorra,42.6
2023,Chinese Taipei,39.23
2022,Chinese Taipei,39.23
2021,Chinese Taipei,39.23
2020,Hungary,40.68
2019,Luxembourg,40.35
2018,Chinese Taipei,39.45
2017,Botswana,40.44
2016,Slovenia,40.55
2015,China,41.47
2014,Hungary,40.81
2013,Singapore,41.19
2012,Thailand,41.46
2011,Serbia,41.67
2010,Guyana,41.52
2009,Colombia,42.03
2008,Slovenia,42.42
2007,Peru,41.75
2006,Senegal,41.71
2005,Serbia,42.3
2004,Lithuania,42.2
2023,Hungary,39.11
2022,Jamaica,39
2021,Zambia,39.04
2020,Chinese Taipei,39.23
2019,Hungary,40.13
2018,Papua New Guinea,39.27
2017,Slovenia,40.38
2016,Chinese Taipei,40.27
2015,Mexico,41.47
2014,China,40.73
2013,Denmark,41.16
2012,Serbia,41.31
2011,Guyana,41.52
2010,Andorra,41.42
2009,Guyana,41.52
2008,Bermuda,41.69
2007,Malaysia,41.7
2006,Bermuda,41.69
2005,Lithuania,42.22
2004,Niue Island,41.51
2023,Jamaica,39
2022,Bermuda,38.91
2021,Jamaica,39
2020,Zambia,39.04
2019,Zambia,39.69
2018,Botswana,39.16
2017,Chinese Taipei,40.27
2016,Bermuda,40.03
2015,Thailand,41.35
2014,Niue Island,40.45
2013,Barbados,41.01
2012,Cayman Islands,41.23
2011,Switzerland,41.36
2010,Denmark,41.35
2009,Serbia,41.46
2008,Thailand,41.44
2007,Bermuda,41.69
2006,Niue Island,40.96
2005,Uganda,41.96
2004,Malta,41.47
2023,Bermuda,38.91
2022,Zambia,38.83
2021,Bermuda,38.91
2020,Jamaica,39
2019,Papua New Guinea,39.27
2018,Andorra,38.88
2017,China,39.58
2016,Venezuela,40.02
2015,Andorra,41.14
2014,Solomon Islands,40.35
2013,India,40.81
2012,Latvia,40.72
2011,China,41.23
2010,Malaysia,41.17
2009,Senegal,41.44
2008,Senegal,41.44
2007,Colombia,41.69
2006,Lithuania,40.95
2005,Niue Island,40.83
2004,Uganda,41.11
2023,Zambia,38.83
2022,Nigeria,38.37
2021,Nigeria,38.37
2020,Bermuda,38.91
2019,Slovenia,39.07
2018,Slovenia,38.81
2017,Papua New Guinea,39.27
2016,China,39.58
2015,Niue Island,40.45
2014,Latvia,40.34
2013,China,40.73
2012,Solomon Islands,40.7
2011,Denmark,41.17
2010,Niue Island,41.11
2009,Barbados,40.96
2008,Niue Island,40.96
2007,Hungary,41.36
2006,Luxembourg,40.56
2005,Malaysia,40.8
2004,Malaysia,40.27
2023,Nigeria,38.37
2022,Bulgaria,38.21
2021,Slovenia,37.56
2020,Nigeria,38.37
2019,Guam,38.69
2018,Jamaica,38.76
2017,Bermuda,39.22
2016,Papua New Guinea,39.27
2015,Solomon Islands,40.35
2014,Malaysia,40.2
2013,Solomon Islands,40.7
2012,Niue Island,40.45
2011,Niue Island,41.11
2010,Thailand,40.51
2009,Andorra,40.77
2008,Venezuela,40.71
2007,Zambia,41.35
2006,Serbia,40.36
2005,Luxembourg,40.69
2004,Hungary,40.1
2023,Guam,36.38
2022,Denmark,38.17
2021,Denmark,37.36
2020,Slovenia,37.56
2019,United Arab Emirates,37.89
2018,United Arab Emirates,37.89
2017,Jamaica,38.76
2016,Peru,39.24
2015,Hungary,39.77
2014,Denmark,40.14
2013,Niue Island,40.45
2012,Zambia,39.94
2011,Cayman Islands,40.97
2010,Slovenia,39.56
2009,Peru,40.64
2008,Zambia,40.64
2007,Serbia,41.14
2006,Guyana,40.35
2005,Guam,40
2004,Guam,40
2023,Peru,36.35
2022,Slovenia,37.42
2021,Andorra,36.97
2020,Denmark,37.36
2019,Nigeria,37.71
2018,Guam,37.82
2017,United Arab Emirates,38.44
2016,Guam,38.11
2015,Botswana,39.64
2014,Peru,40.13
2013,Latvia,40.05
2012,Colombia,39.59
2011,Israel,40.44
2010,Zambia,39.31
2009,Zambia,40.64
2008,Guyana,40.35
2007,Niue Island,40.96
2006,Hungary,40.11
2005,St Lucia,40
2004,St Lucia,40
2023,Algeria,36.25
2022,Guam,36.38
2021,Bulgaria,36.54
2020,Andorra,36.97
2019,Botswana,37.55
2018,Hungary,37.76
2017,India,37.9
2016,Hungary,37.94
2015,India,39.52
2014,Barbados,39.68
2013,Peru,39.67
2012,St Vincent and Grenadines,39.3
2011,Zambia,39.97
2010,St Vincent and Grenadines,39.3
2009,Denmark,40.1
2008,Serbia,40.11
2007,Thailand,40.8
2006,Zambia,39.96
2005,St Vincent and Grenadines,40
2004,St Vincent and Grenadines,40
2023,Botswana,36.21
2022,Peru,36.35
2021,Guam,36.38
2020,Bulgaria,36.54
2019,Bermuda,37.39
2018,Nigeria,37.71
2017,Guam,37.82
2016,India,37.9
2015,Slovenia,38.99
2014,Mexico,39.38
2013,Serbia,39.49
2012,India,39.19
2011,Hungary,39.68
2010,Botswana,39.21
2009,Botswana,39.53
2008,St Vincent and Grenadines,39.3
2007,Guyana,40.35
2006,Slovenia,39.66
2005,Austria,39.85
2004,Nigeria,39.87
2023,Denmark,36.1
2022,Thailand,36.28
2021,Peru,36.35
2020,Guam,36.38
2019,Bosnia & Herzegovina,37.35
2018,Bosnia & Herzegovina,37.69
2017,Nigeria,37.71
2016,Thailand,37.46
2015,Peru,38.84
2014,India,39.37
2013,Mexico,39.38
2012,Barbados,39.13
2011,India,39.61
2010,Barbados,39.21
2009,St Vincent and Grenadines,39.3
2008,Solomon Islands,39.06
2007,Austria,39.97
2006,Malaysia,39.5
2005,Solomon Islands,39.67
2004,Luxembourg,39.74
2023,Venezuela,35.87
2022,Botswana,36.21
2021,Thailand,36.28
2020,Peru,36.35
2019,Andorra,37.2
2018,Thailand,37.69
2017,Bosnia & Herzegovina,37.3
2016,Barbados,37.39
2015,Luxembourg,38.6
2014,Botswana,38.58
2013,Zambia,38.87
2012,Cameroon,38.33
2011,St Vincent and Grenadines,39.3
2010,Solomon Islands,39.06
2009,Solomon Islands,39.06
2008,Jamaica,38.97
2007,St Vincent and Grenadines,39.3
2006,St Vincent and Grenadines,39.3
2005,Cameroon,38.97
2004,Solomon Islands,39.67
2023,Slovenia,35.69
2022,Venezuela,35.87
2021,Botswana,36.21
2020,Thailand,36.28
2019,Thailand,37.17
2018,Bermuda,37.39
2017,Barbados,36.94
2016,Nigeria,37.03
2015,Cameroon,38.33
2014,Pakistan,38.38
2013,Botswana,38.65
2012,Slovenia,38.3
2011,Barbados,39.21
2010,Peru,38.81
2009,Cameroon,38.97
2008,Monaco,38.81
2007,Solomon Islands,39.06
2006,Solomon Islands,39.06
2005,Guyana,38.95
2004,Senegal,39.3
2023,Finland,35.56
2022,Andorra,35.2
2021,Venezuela,35.87
2020,Botswana,36.21
2019,Peru,36.35
2018,Zambia,36.72
2017,Peru,36.82
2016,Jamaica,36.99
2015,Barbados,38.26
2014,Cameroon,38.33
2013,Slovenia,38.45
2012,Austria,38.15
2011,Solomon Islands,39.06
2010,Norway,38.79
2009,Malaysia,37.99
2008,Botswana,38.64
2007,Jamaica,38.97
2006,Jamaica,38.97
2005,Monaco,38.81
2004,Cameroon,38.97
2023,Thailand,35.49
2022,St Vincent and Grenadines,34.91
2021,St Vincent and Grenadines,34.91
2020,St Vincent and Grenadines,34.91
2019,Austria,35.3
2018,Barbados,36.48
2017,Hungary,36.81
2016,St Vincent and Grenadines,36.84
2015,Nigeria,38.05
2014,Nigeria,37.92
2013,Pakistan,38.38
2012,Hungary,37.5
2011,Cameroon,38.21
2010,Cameroon,38.21
2009,St Lucia,37.57
2008,Malaysia,38.56
2007,Monaco,38.81
2006,Cameroon,38.94
2005,Barbados,38.48
2004,Guyana,38.95
2023,Serbia,35.2
2022,China,34.91
2021,China,34.91
2020,China,34.91
2019,St Vincent and Grenadines,34.91
2018,India,36.32
2017,Thailand,36.75
2016,Pakistan,36.29
2015,Austria,37.83
2014,Serbia,37.81
2013,Cameroon,38.33
2012,Bulgaria,37.36
2011,Botswana,38.17
2010,St Lucia,37.57
2009,India,37.23
2008,Luxembourg,38.4
2007,Botswana,38.64
2006,Monaco,38.81
2005,Hungary,38.46
2004,Monaco,38.81
2023,St Vincent and Grenadines,34.91
2022,Barbados,34.72
2021,Barbados,34.72
2020,Barbados,34.72
2019,Denmark,34.9
2018,Pakistan,36.29
2017,Pakistan,36.29
2016,Bosnia & Herzegovina,36.18
2015,Denmark,37.56
2014,Jamaica,37.08
2013,Bulgaria,38.12
2012,Swaziland,36.68
2011,St Lucia,37.57
2010,Israel,37.56
2009,Norway,36.81
2008,Cameroon,38.26
2007,Cameroon,38.52
2006,Botswana,38.64
2005,Nigeria,38.35
2004,Colombia,38.63
2023,China,34.91
2022,Bosnia & Herzegovina,34.02
2021,Bosnia & Herzegovina,33.78
2020,Tahiti,33.79
2019,India,34.81
2018,Austria,35.79
2017,Serbia,36.27
2016,Zambia,35.8
2015,Jamaica,36.99
2014,Zambia,36.94
2013,Jamaica,37.08
2012,Botswana,36.68
2011,Bulgaria,37.12
2010,Bulgaria,37.05
2009,Guam,36.8
2008,Swaziland,37.57
2007,Guam,38.14
2006,Guam,38.14
2005,Botswana,38.25
2004,Barbados,38.48
2023,Barbados,34.72
2022,Papua New Guinea,33.68
2021,Papua New Guinea,33.68
2020,Bosnia & Herzegovina,33.78
2019,Barbados,34.72
2018,Peru,35.71
2017,Zambia,35.79
2016,Serbia,35.11
2015,St Vincent and Grenadines,36.84
2014,St Vincent and Grenadines,36.84
2013,Hungary,36.97
2012,Jamaica,36.35
2011,Austria,36.87
2010,Guam,36.8
2009,Swaziland,36.68
2008,St Lucia,37.57
2007,Luxembourg,37.93
2006,Swaziland,37.57
2005,Senegal,38.02
2004,Jamaica,38.14
2023,Papua New Guinea,33.68
2022,India,33.4
2021,India,33.4
2020,Bahamas,33.76
2019,Tahiti,33.79
2018,St Vincent and Grenadines,34.91
2017,St Vincent and Grenadines,34.91
2016,Austria,35
2015,Pakistan,36.29
2014,Slovenia,36.46
2013,St Vincent and Grenadines,36.84
2012,Bahamas,36.33
2011,Guam,36.8
2010,Swaziland,36.68
2009,Jamaica,36.61
2008,India,37.54
2007,Swaziland,37.57
2006,St Lucia,37.57
2005,Colombia,37.95
2004,Swaziland,37.92
2023,India,33.4
2022,Ghana,33.27
2021,Austria,33.03
2020,Papua New Guinea,33.68
2019,Bahamas,33.76
2018,Denmark,34.9
2017,Austria,34.87
2016,United Arab Emirates,34.92
2015,Tahiti,35.37
2014,Austria,35.94
2013,Tahiti,36.25
2012,Tahiti,36.25
2011,Swaziland,36.68
2010,India,36.61
2009,Bahamas,36.33
2008,Austria,36.99
2007,St Lucia,37.57
2006,Colombia,37.53
2005,Jamaica,37.93
2004,Tahiti,37.62
2023,Ghana,33.27
2022,Austria,33.03
2021,Finland,33.01
2020,India,33.4
2019,Serbia,33.07
2018,Serbia,34.87
2017,Niue Island,34.45
2016,Bahamas,34.55
2015,Monaco,35.17
2014,Guam,35.7
2013,Austria,36.2
2012,Guam,36.24
2011,Jamaica,36.61
2010,Jamaica,36.61
2009,Tahiti,36.25
2008,Guam,36.8
2007,Norway,37.03
2006,India,37.08
2005,Tahiti,37.62
2004,Bulgaria,37.35
2023,Austria,33.03
2022,Finland,32.75
2021,Ghana,32.52
2020,Austria,33.03
2019,China,32.71
2018,Niue Island,34.45
2017,Denmark,33.94
2016,Niue Island,34.45
2015,Guam,34.95
2014,Bahamas,35.68
2013,Guam,35.7
2012,Bosnia & Herzegovina,36.18
2011,Norway,36.36
2010,Bahamas,36.33
2009,Monaco,35.92
2008,Norway,36.66
2007,Tahiti,36.25
2006,Bulgaria,36.63
2005,Swaziland,37.01
2004,Austria,36.75
2023,Andorra,32.85
2022,Serbia,32.22
2021,Serbia,32.35
2020,Finland,33.01
2019,Swaziland,32.04
2018,Tahiti,33.79
2017,Bahamas,33.76
2016,Denmark,34.26
2015,Zambia,34.77
2014,Swaziland,35.63
2013,Bahamas,35.68
2012,Nigeria,35.28
2011,Bahamas,36.33
2010,Tahiti,36.25
2009,Bosnia & Herzegovina,35.43
2008,Tahiti,36.25
2007,India,36.21
2006,Tahiti,36.25
2005,Bulgaria,36.26
2004,Israel,35.98
2023,Bosnia & Herzegovina,31.93
2022,Uzbekistan,31.33
2021,Uzbekistan,31.33
2020,Ghana,32.52
2019,Ghana,31.9
2018,Bahamas,33.76
2017,Mauritius,33.17
2016,Norway,34
2015,Bosnia & Herzegovina,34.66
2014,Bulgaria,35.42
2013,Swaziland,35.63
2012,Monaco,35.17
2011,Tahiti,36.25
2010,Bosnia & Herzegovina,36.18
2009,Nigeria,35.28
2008,Nigeria,35.99
2007,Nigeria,35.99
2006,Norway,36.06
2005,Vanuatu,35.67
2004,Botswana,35.82
2023,Uzbekistan,31.28
2022,Algeria,31.25
2021,Mauritius,30.56
2020,Serbia,32.35
2019,Bulgaria,31.1
2018,Cameroon,32.33
2017,Cameroon,32.33
2016,Mauritius,33.86
2015,Mauritius,33.86
2014,Bosnia & Herzegovina,35.41
2013,Bosnia & Herzegovina,35.29
2012,Norway,34.81
2011,Bosnia & Herzegovina,36.18
2010,Nigeria,35.28
2009,Austria,35.17
2008,Bahamas,35.61
2007,Bahamas,35.61
2006,Nigeria,35.99
2005,Israel,35.42
2004,Vanuatu,35.67
2023,Burkina Faso,31.05
2022,Burkina Faso,31.05
2021,Pakistan,29.99
2020,Swaziland,32.04
2019,Uzbekistan,31.03
2018,Swaziland,32.04
2017,Swaziland,32.04
2016,Uzbekistan,33.56
2015,Serbia,33.6
2014,Tahiti,35.37
2013,Nigeria,35.28
2012,Vanuatu,33.45
2011,Nigeria,35.28
2010,Monaco,35.17
2009,Israel,35.07
2008,Vanuatu,34.77
2007,Vanuatu,34.77
2006,Bahamas,35.61
2005,India,34.62
2004,India,35.49
2023,Pakistan,30.78
2022,Mauritius,30.56
2021,Rwanda,29.78
2020,Uzbekistan,31.33
2019,Mauritius,30.56
2018,Mauritius,31.26
2017,Norway,31.9
2016,Cameroon,32.33
2015,Vanuatu,33.45
2014,Monaco,35.17
2013,Monaco,35.17
2012,Luxembourg,32.26
2011,Monaco,35.17
2010,Austria,34.88
2009,Bulgaria,35.05
2008,Bulgaria,33.98
2007,Bulgaria,34.1
2006,Vanuatu,34.77
2005,Norway,34.4
2004,Bahamas,34.2
2023,Mauritius,30.56
2022,Iran,30
2021,Costa Rica,29.36
2020,Mauritius,30.56
2019,Norway,30.46
2018,Uzbekistan,31.03
2017,Tahiti,31.79
2016,Swaziland,32.04
2015,Bulgaria,33.31
2014,Luxembourg,34.61
2013,Norway,34.33
2012,Finland,27.7
2011,Vanuatu,34.77
2010,Vanuatu,34.77
2009,Vanuatu,34.77
2008,Israel,32.74
2007,Israel,33.56
2006,Israel,33.65
2005,Bahamas,34.2
2004,Norway,33.62
2023,Iran,30
2022,Laos,30
2021,Niue Island,28.63
2020,Pakistan,29.99
2019,Pakistan,30.29
2018,Rwanda,30.98
2017,Uzbekistan,31.03
2016,Tahiti,31.79
2015,Bahamas,32.99
2014,Vanuatu,33.45
2013,Luxembourg,34.25
2011,Luxembourg,32.49
2010,Luxembourg,33.44
2009,Luxembourg,34.49
2008,Finland,31.71
2007,Finland,30.87
2006,Bosnia & Herzegovina,32.73
2005,Bosnia & Herzegovina,30.53
2004,Finland,33.06
2023,Laos,30
2022,Pakistan,29.99
2021,Norway,28.27
2020,Rwanda,29.78
2019,Rwanda,29.78
2018,Solomon Islands,30.4
2017,Solomon Islands,30.4
2016,Bulgaria,31.57
2015,Swaziland,32.04
2014,Norway,32.71
2013,Vanuatu,33.45
2011,Finland,27.7
2010,Finland,28.84
2009,Finland,30.98
2008,Bosnia & Herzegovina,29.25
2007,Bosnia & Herzegovina,30.25
2006,Finland,29.32
2005,Finland,29.66
2004,Bosnia & Herzegovina,31.97
2023,Rwanda,29.78
2022,Rwanda,29.78
2021,Tahiti,27.79
2020,Costa Rica,29.36
2019,Costa Rica,29.36
2018,Bulgaria,29.94
2017,Rwanda,30
2016,Solomon Islands,30.4
2015,Uzbekistan,31.94
2014,Greece,30.49
2013,American Samoa,30
2023,Costa Rica,29.36
2022,Costa Rica,29.36
2021,Bahamas,27.76
2020,Niue Island,28.63
2019,Finland,29.07
2018,Norway,29.52
2017,Bulgaria,29.94
2016,Monaco,29.17
2015,Norway,31.82
2014,American Samoa,30
2013,Greece,30
2023,Niue Island,28.63
2022,Niue Island,28.63
2021,Swaziland,26.04
2020,Norway,28.27
2019,Indonesia,28.73
2018,Monaco,29.17
2017,Monaco,29.17
2016,Indonesia,28.73
2015,Finland,30.29
2014,Indonesia,30
2013,Mauritius,30
2023,Bahamas,27.76
2022,Bahamas,27.76
2021,Solomon Islands,23.81
2020,Cameroon,26.33
2019,Niue Island,28.45
2018,Indonesia,28.73
2017,Indonesia,28.73
2016,Greece,28.55
2015,American Samoa,30
2014,United Arab Emirates,30
2013,United Arab Emirates,30
2023,Norway,26.52
2022,Norway,27.72
2021,Indonesia,21.95
2020,Solomon Islands,23.81
2019,Cameroon,26.33
2018,Greece,28.55
2017,Finland,28.71
2016,Finland,28.34
2015,Indonesia,30
2014,Mauritius,29.29
2013,Finland,26.29
2023,Burundi,26.16
2022,Burundi,26.16
2021,Cameroon,20.33
2020,Monaco,23.17
2019,Solomon Islands,24.4
2018,Finland,28.53
2017,Greece,28.55
2016,Vanuatu,27.45
2015,United Arab Emirates,30
2014,Finland,27.92
2023,Swaziland,26.04
2022,Swaziland,26.04
2021,Monaco,17.17
2020,Greece,22.55
2019,Monaco,23.17
2018,Vanuatu,27.45
2017,Vanuatu,27.45
2016,American Samoa,25.53
2015,Greece,28.55
2023,Solomon Islands,23.97
2022,Solomon Islands,23.81
2021,Greece,16.55
2020,Indonesia,21.95
2019,Greece,22.55
2018,American Samoa,25.53
2017,American Samoa,25.53
2023,Cameroon,23.12
2022,Cameroon,23.12
2021,Vanuatu,15.45
2020,Vanuatu,21.45
2019,Vanuatu,21.45
2023,Indonesia,21.95
2022,Indonesia,21.95
2021,American Samoa,13.53
2020,American Samoa,19.53
2019,American Samoa,19.53
2023,Monaco,17.17
2022,Monaco,17.17
2023,Greece,16.55
2022,Greece,16.55
2023,Vanuatu,15.29
2022,Vanuatu,15.45
2023,American Samoa,13.53
2022,American Samoa,13.53
