,position,team,year,Points,Tries,Metres,Runs,Defenders Beaten,Clean Breaks,Passes,Try Assists,Kicks,Conversion Goals,Penalty Goals,Tackles,Tackles Missed,Turnovers Won,Turnovers Conceded,Penalties Conceded,Yellow Cards,Red Cards
Anthony Jelonch,Flanker 7,france,2021, 0 , 0 , 130 , 72 , 3 , 1 , 33 , 7 , 0 , 0 , 0 , 120 , 17 , 6 , 11 , 6 , 0 , 0 
Bernard Le Roux,Flanker 6,france,2021, 0 , 0 , 6 , 10 , 0 , 0 , 1 , 0 , 0 , 0 , 0 , 38 , 3 , 0 , 2 , 4 , 0 , 0 
Cameron Woki,Flanker 7,france,2021, 5 , 1 , 55 , 28 , 2 , 2 , 10 , 5 , 0 , 0 , 0 , 58 , 6 , 7 , 2 , 5 , 0 , 0 
Charles Ollivon,Number 8,france,2021, 10 , 2 , 44 , 21 , 1 , 2 , 10 , 1 , 0 , 0 , 0 , 76 , 10 , 6 , 2 , 4 , 0 , 0 
Cyril Baille,Prop,france,2021, 0 , 0 , 53 , 45 , 1 , 0 , 24 , 7 , 0 , 0 , 0 , 61 , 2 , 2 , 5 , 4 , 0 , 0 
Daniel Bibi Bizuwu,Prop,france,2021,,,,,,,,,,,,,,,,,,
Dany Priso,Prop,france,2021,,,,,,,,,,,,,,,,,,
Demba Bamba,Tighthead Prop,france,2021, 0 , 0 , 21 , 21 , 3 , 0 , 1 , 1 , 0 , 0 , 0 , 24 , 5 , 1 , 2 , 3 , 0 , 0 
Dylan Cretin,Number 8,france,2021, 5 , 1 , 32 , 16 , 1 , 0 , 1 , 1 , 0 , 0 , 0 , 64 , 6 , 2 , 3 , 4 , 0 , 0 
Florent Vanverberghe,Number 8,france,2021,,,,,,,,,,,,,,,,,,
Florian Verhaeghe,Lock,france,2021,,,,,,,,,,,,,,,,,,
Francois Cros,Blindside Flanker,france,2021, 0 , 0 , 18 , 8 , 1 , 0 , 4 , 1 , 0 , 0 , 0 , 18 , 4 , 1 , 1 , 4 , 0 , 0 
Gaeton Barlot, Hooker,france,2021, 0 , 0 , 38 , 18 , 2 , 1 , 14 , 5 , 0 , 0 , 0 , 37 , 4 , 3 , 7 , 1 , 0 , 0 
Gregory Alldritt,Flanker 7,france,2021, 0 , 0 , 177 , 69 , 6 , 3 , 32 , 6 , 0 , 0 , 0 , 91 , 2 , 2 , 8 , 3 , 0 , 0 
Ibrahim Diallo,Flanker 7,france,2021, 0 , 0 , 1 , 5 , 0 , 0 , 2 , 0 , 0 , 0 , 0 , 24 , 4 , 0 , 0 , 0 , 0 , 0 
Jean-Baptiste Gros,Loosehead Prop,france,2021, 0 , 0 , 11 , 12 , 0 , 0 , 6 , 0 , 0 , 0 , 0 , 48 , 2 , 3 , 2 , 6 , 0 , 0 
Julien Marchand,Hooker,france,2021, 0 , 0 , 72 , 33 , 2 , 2 , 11 , 3 , 0 , 0 , 0 , 53 , 5 , 4 , 6 , 2 , 0 , 0 
Mohammed Haouas,Prop,france,2021, 0 , 0 , 36 , 20 , 0 , 0 , 6 , 3 , 0 , 0 , 0 , 56 , 6 , 0 , 1 , 4 , 1 , 0 
Paul Boudehent,Openside Flanker,france,2021,,,,,,,,,,,,,,,,,,
Paul Willemse,Lock,france,2021, 0 , 0 , 41 , 31 , 0 , 0 , 3 , 0 , 0 , 0 , 0 , 79 , 4 , 2 , 6 , 7 , 0 , 1 
Peato Mauvaka,Hooker,france,2021, 25 , 5 , 23 , 8 , 1 , 1 , 5 , 0 , 0 , 0 , 0 , 14 , 3 , 0 , 4 , 3 , 0 , 0 
Pierre Bourgarit,Hooker,france,2021, 0 , 0 , 13 , 4 , 0 , 0 , 0 , 0 , 0 , 0 , 0 , 7 , 2 , 0 , 1 , 0 , 0 , 0 
Romain Taofifenua,Lock,france,2021, 5 , 1 , 29 , 25 , 0 , 0 , 7 , 1 , 0 , 0 , 0 , 70 , 2 , 0 , 8 , 5 , 0 , 0 
Sebastien Taofifenua,Prop,france,2021,,,,,,,,,,,,,,,,,,
Sekou Macalou,Flanker 7,france,2021, 0 , 0 , 5 , 8 , 0 , 0 , 5 , 1 , 0 , 0 , 0 , 20 , 1 , 2 , 4 , 4 , 0 , 0 
Selevasio Tolofua,Flanker 6,france,2021,,,,,,,,,,,,,,,,,,
Sipili Falatea,Prop,france,2021, 0 , 0 , 11 , 4 , 0 , 0 , 0 , 0 , 0 , 0 , 0 , 11 , 1 , 0 , 3 , 3 , 0 , 0 
Thibaud Flament,Lock 5,france,2021, 5 , 1 , 37 , 11 , 3 , 1 , 1 , 0 , 0 , 0 , 0 , 14 , 1 , 0 , 1 , 0 , 0 , 0 
Thomas Jolmes,Lock,france,2021,,,,,,,,,,,,,,,,,,
Thomas Lavault,Lock,france,2021,,,,,,,,,,,,,,,,,,
Uini Atonio,Prop,france,2021, 0 , 0 , 22 , 12 , 0 , 0 , 5 , 0 , 0 , 0 , 0 , 16 , 3 , 0 , 1 , 2 , 0 , 0 
Yoan Tanga Mangene,Openside Flanker,france,2021,,,,,,,,,,,,,,,,,,
Antoine Dupont,Scrum Half,france,2021, 15 , 3 , 145 , 40 , 14 , 3 , 394 , 16 , 53 , 0 , 0 , 53 , 14 , 1 , 5 , 1 , 0 , 0 
Antoine Hastoy,Fly Half,france,2021, 0 , 0 , 2 , 3 , 0 , 0 , 6 , 1 , 3 , 0 , 0 , 10 , 1 , 0 , 2 , 2 , 0 , 0 
Baptiste Couilloud,Scrum half,france,2021, 5 , 1 , 59 , 16 , 2 , 0 , 95 , 2 , 24 , 0 , 0 , 20 , 1 , 1 , 4 , 2 , 0 , 0 
Brice Dulin,Fullback,france,2021, 15 , 3 , 134 , 34 , 4 , 4 , 57 , 9 , 33 , 0 , 0 , 21 , 4 , 2 , 9 , 4 , 0 , 0 
Damian Penaud,Centre,france,2021, 35 , 7 , 113 , 36 , 7 , 5 , 36 , 13 , 9 , 0 , 0 , 38 , 14 , 4 , 7 , 1 , 0 , 0 
GabinVillière,Wing,france,2021, 10 , 2 , 111 , 32 , 7 , 3 , 18 , 8 , 2 , 0 , 0 , 32 , 5 , 3 , 4 , 1 , 0 , 0 
Gael Fickou,Centre,france,2021, 5 , 1 , 123 , 45 , 6 , 0 , 50 , 4 , 8 , 0 , 0 , 64 , 7 , 6 , 6 , 3 , 0 , 0 
Jonathan Danty,Centre,france,2021, 0 , 0 , 34 , 15 , 0 , 0 , 7 , 3 , 5 , 0 , 0 , 38 , 3 , 5 , 3 , 1 , 0 , 0 
Jules Favre,Centre 12,france,2021,,,,,,,,,,,,,,,,,,
Leo Berdeu,Fly Half,france,2021,,,,,,,,,,,,,,,,,,
Matthieu Jalibert,Fly half,france,2021, 41 , 1 , 63 , 28 , 9 , 4 , 90 , 9 , 34 , 12 , 4 , 37 , 3 , 1 , 5 , 1 , 0 , 0 
Matthis Lebel,Fullback,france,2021, 0 , 0 , 22 , 8 , 2 , 0 , 1 , 0 , 1 , 0 , 0 , 8 , 0 , 0 , 0 , 0 , 0 , 0 
Max Spring,Fullback,france,2021,,,,,,,,,,,,,,,,,,
Maxime Lucu,Fly half,france,2021, 0 , 0 , 0 , 0 , 0 , 0 , 33 , 0 , 1 , 0 , 0 , 3 , 1 , 0 , 0 , 0 , 0 , 0 
Melvyn Jaminet,Fullback,france,2021, 83 , 0 , 146 , 36 , 5 , 4 , 20 , 3 , 33 , 10 , 21 , 7 , 3 , 1 , 7 , 0 , 0 , 0 
Romain Ntamack,Fly half,france,2021, 25 , 1 , 109 , 24 , 7 , 3 , 51 , 4 , 19 , 4 , 4 , 24 , 5 , 0 , 3 , 2 , 0 , 0 
Tani Vili,Centre,france,2021,,,,,,,,,,,,,,,,,,
Teddy Thomas,Wing,france,2021, 10 , 2 , 123 , 24 , 9 , 3 , 13 , 5 , 5 , 0 , 0 , 23 , 5 , 2 , 8 , 1 , 0 , 0 
Thomas Ramos,Fullback,france,2021,,,,,,,,,,,,,,,,,,
Virimi Vakatawa,Wing,france,2021, 0 , 0 , 64 , 23 , 3 , 0 , 16 , 5 , 0 , 0 , 0 , 27 , 5 , 0 , 4 , 1 , 0 , 0 
Yoram Moefana,Centre,france,2021,,,,,,,,,,,,,,,,,,
Aidan Ross,Prop,new-zealand,2021,,,,,,,,,,,,,,,,,,
Akira Ioane,Blindside Flanker,new-zealand,2021, 0 , 0 , 195 , 64 , 9 , 6 , 22 , 7 , 1 , 0 , 0 , 63 , 8 , 8 , 5 , 4 , 0 , 0 
Angus Taavao-Matau,Prop,new-zealand,2021, 10 , 2 , 52 , 11 , 1 , 1 , 7 , 3 , 0 , 0 , 0 , 19 , 5 , 1 , 1 , 6 , 0 , 0 
Ardie Savea,Flanker 7,new-zealand,2021, 20 , 4 , 180 , 60 , 8 , 2 , 43 , 13 , 1 , 0 , 0 , 83 , 7 , 6 , 6 , 5 , 2 , 0 
Brodie Retallick,Lock,new-zealand,2021, 5 , 1 , 111 , 59 , 1 , 0 , 19 , 6 , 0 , 0 , 0 , 107 , 7 , 12 , 9 , 8 , 0 , 0 
Codie Taylor,Hooker,new-zealand,2021, 15 , 3 , 86 , 25 , 5 , 2 , 16 , 4 , 0 , 0 , 0 , 78 , 8 , 3 , 12 , 4 , 1 , 0 
Dalton Papali'i,Flanker 7,new-zealand,2021, 25 , 5 , 85 , 20 , 2 , 4 , 19 , 7 , 0 , 0 , 0 , 90 , 5 , 7 , 3 , 4 , 0 , 0 
Dane Coles,Hooker,new-zealand,2021, 35 , 7 , 77 , 26 , 10 , 1 , 24 , 7 , 2 , 0 , 0 , 25 , 2 , 4 , 5 , 0 , 0 , 0 
Ethan De Groot,Loosehead Prop,new-zealand,2021, 5 , 1 , 15 , 10 , 0 , 0 , 2 , 1 , 0 , 0 , 0 , 19 , 0 , 1 , 0 , 0 , 0 , 0 
George Bower,Tighthead Prop,new-zealand,2021, 0 , 0 , 17 , 16 , 0 , 0 , 4 , 1 , 0 , 0 , 0 , 45 , 13 , 4 , 2 , 7 , 0 , 0 
Hoskins Sotutu,Number 8,new-zealand,2021, 5 , 1 , 98 , 35 , 7 , 4 , 31 , 9 , 1 , 0 , 0 , 26 , 4 , 2 , 6 , 3 , 0 , 0 
Karl Tuinukuafe,Prop,new-zealand,2021, 0 , 0 , 29 , 14 , 0 , 0 , 6 , 0 , 0 , 0 , 0 , 13 , 3 , 0 , 3 , 3 , 0 , 0 
Nepo Laulala,Tighthead Prop,new-zealand,2021, 0 , 0 , 66 , 42 , 1 , 0 , 4 , 1 , 0 , 0 , 0 , 58 , 16 , 2 , 7 , 12 , 1 , 0 
Ofa Tuungafasi,Tighthead Prop,new-zealand,2021, 0 , 0 , 17 , 13 , 0 , 0 , 9 , 1 , 0 , 0 , 0 , 14 , 4 , 0 , 3 , 1 , 0 , 0 
Patrick Tuipulotu,Lock,new-zealand,2021, 10 , 2 , 64 , 20 , 0 , 1 , 6 , 1 , 0 , 0 , 0 , 22 , 2 , 2 , 2 , 0 , 0 , 0 
Pita Sowakula,Flanker 6,new-zealand,2021,,,,,,,,,,,,,,,,,,
Sam Cane,Openside Flanker,new-zealand,2021, 0 , 0 , 16 , 7 , 1 , 1 , 12 , 1 , 0 , 0 , 0 , 26 , 2 , 2 , 1 , 0 , 0 , 0 
Samisoni Taukei'aho,Hooker,new-zealand,2021, 15 , 3 , 109 , 36 , 3 , 0 , 10 , 2 , 0 , 0 , 0 , 34 , 1 , 1 , 7 , 4 , 0 , 0 
Samuel Whitelock,Lock,new-zealand,2021, 0 , 0 , 81 , 48 , 1 , 1 , 19 , 4 , 0 , 0 , 0 , 81 , 2 , 8 , 7 , 5 , 0 , 0 
Scott Barrett,Lock,new-zealand,2021, 0 , 0 , 81 , 37 , 5 , 1 , 25 , 5 , 0 , 0 , 0 , 36 , 5 , 8 , 4 , 4 , 0 , 0 
Shannon Frizell,Flanker 7,new-zealand,2021, 5 , 1 , 22 , 10 , 0 , 0 , 7 , 2 , 0 , 0 , 0 , 21 , 3 , 2 , 0 , 1 , 0 , 0 
Tupou Vaai,Lock 4,new-zealand,2021, 10 , 2 , 72 , 30 , 2 , 3 , 27 , 6 , 0 , 0 , 0 , 25 , 2 , 3 , 2 , 2 , 0 , 0 
Tyrel Lomax,Prop,maori-all-blacks,2021,,,,,,,,,,,,,,,,,,
Aaron Smith,Scrum Half,new-zealand,2021, 0 , 0 , 30 , 9 , 2 , 2 , 159 , 5 , 14 , 0 , 0 , 18 , 5 , 0 , 2 , 2 , 0 , 0 
Anton Lienert-Brown,Centre,new-zealand,2021, 15 , 3 , 72 , 31 , 2 , 3 , 24 , 3 , 0 , 0 , 0 , 38 , 1 , 2 , 6 , 2 , 0 , 0 
Beauden Barrett,Fly Half,new-zealand,2021, 54 , 3 , 158 , 41 , 8 , 2 , 149 , 12 , 74 , 15 , 3 , 36 , 7 , 3 , 9 , 5 , 0 , 0 
Braydon Ennor,Wing,new-zealand,2021, 0 , 0 , 51 , 18 , 3 , 1 , 9 , 4 , 0 , 0 , 0 , 9 , 2 , 2 , 5 , 2 , 0 , 0 
Caleb Clarke,Left Wing,new-zealand,2021,,,,,,,,,,,,,,,,,,
David Kaetau Havili,Wing,new-zealand,2021, 25 , 5 , 269 , 84 , 10 , 6 , 53 , 13 , 19 , 0 , 0 , 74 , 16 , 3 , 16 , 7 , 1 , 0 
Finlay Christie,Scrum Half,new-zealand,2021, 5 , 1 , 66 , 7 , 4 , 4 , 120 , 3 , 3 , 0 , 0 , 17 , 3 , 2 , 3 , 1 , 0 , 0 
Fletcher Newell,,new-zealand,2021,,,,,,,,,,,,,,,,,,
Folau Fakatava,Scrum half,new-zealand,2021,,,,,,,,,,,,,,,,,,
Jordie Barrett,Fullback,new-zealand,2021, 102 , 3 , 171 , 67 , 6 , 2 , 62 , 6 , 42 , 18 , 17 , 22 , 3 , 1 , 11 , 2 , 0 , 1 
Leicester Fainga'anuku,Wing,new-zealand,2021,,,,,,,,,,,,,,,,,,
Quinn Tupaea,Centre 13,new-zealand,2021, 5 , 1 , 279 , 76 , 15 , 2 , 33 , 11 , 2 , 0 , 0 , 34 , 8 , 4 , 8 , 5 , 0 , 0 
Richie Mo'unga,Fly half,new-zealand,2021, 77 , 2 , 163 , 38 , 14 , 3 , 136 , 7 , 26 , 32 , 1 , 41 , 7 , 2 , 4 , 2 , 0 , 0 
Rieko Ioane,Wing,new-zealand,2021, 25 , 5 , 431 , 80 , 28 , 10 , 79 , 21 , 1 , 0 , 0 , 48 , 4 , 4 , 18 , 7 , 0 , 0 
Roger Tuivasa-Sheck,Centre 12,new-zealand,2021,,,,,,,,,,,,,,,,,,
Sevu Reece,Right Wing,new-zealand,2021, 40 , 8 , 186 , 47 , 7 , 5 , 32 , 10 , 9 , 0 , 0 , 39 , 8 , 4 , 11 , 1 , 0 , 0 
Stephen Perofeta,Fly half,new-zealand,2021,,,,,,,,,,,,,,,,,,
Will Jordan,Fullback,new-zealand,2021, 75 , 15 , 454 , 80 , 20 , 15 , 56 , 13 , 17 , 0 , 0 , 46 , 5 , 4 , 19 , 0 , 0 , 0 
AndreaZambonin,Lock 4,italy,2021,,,,,,,,,,,,,,,,,,
Braam Steyn,Flanker 7,italy,2021, 0 , 0 , 16 , 8 , 0 , 0 , 6 , 2 , 0 , 0 , 0 , 14 , 3 , 0 , 2 , 1 , 0 , 0 
Cherif Traore,Prop,italy,2021, 0 , 0 , 9 , 5 , 0 , 0 , 0 , 0 , 0 , 0 , 0 , 11 , 3 , 0 , 1 , 4 , 0 , 0 
Danilo Fischetti,Prop,italy,2021, 0 , 0 , 34 , 31 , 3 , 0 , 16 , 3 , 0 , 0 , 0 , 48 , 7 , 2 , 8 , 12 , 1 , 0 
David Sisi,Blindside Flanker,italy,2021, 0 , 0 , 20 , 24 , 0 , 0 , 9 , 0 , 0 , 0 , 0 , 53 , 6 , 1 , 3 , 2 , 0 , 0 
Federico Ruzza,Lock,italy,2021, 0 , 0 , 44 , 23 , 1 , 0 , 14 , 4 , 0 , 0 , 0 , 41 , 2 , 2 , 4 , 3 , 0 , 0 
Giacomo Nicotera,Hooker,italy,2021,,,,,,,,,,,,,,,,,,
Gianmarco Lucchesi,,italy,2021, 0 , 0 , 2 , 8 , 0 , 0 , 3 , 0 , 0 , 0 , 0 , 18 , 3 , 1 , 4 , 0 , 0 , 0 
Giosue Zilocchi,Tighthead Prop,italy,2021, 0 , 0 , 11 , 9 , 1 , 0 , 4 , 0 , 0 , 0 , 0 , 33 , 11 , 1 , 2 , 7 , 1 , 0 
Giovanni Pettinelli,Openside Flanker,italy,2021, 0 , 0 , 6 , 3 , 1 , 0 , 2 , 0 , 0 , 0 , 0 , 4 , 0 , 0 , 1 , 0 , 0 , 0 
Hame Faiva,Hooker,italy,2021, 5 , 1 , 8 , 4 , 0 , 0 , 5 , 1 , 0 , 0 , 0 , 13 , 0 , 1 , 0 , 0 , 0 , 0 
Ivan Nemer,Loosehead Prop,italy,2021, 0 , 0 , 24 , 10 , 1 , 0 , 0 , 0 , 0 , 0 , 0 , 13 , 4 , 2 , 0 , 2 , 0 , 0 
Luca Bigi,Hooker,italy,2021, 5 , 1 , 37 , 28 , 3 , 0 , 13 , 2 , 0 , 0 , 0 , 89 , 5 , 2 , 7 , 10 , 2 , 0 
Manuel Zuliani,Number 8,italy,2021,,,,,,,,,,,,,,,,,,
Marco Fuser,Lock,italy,2021, 0 , 0 , 12 , 8 , 0 , 0 , 4 , 0 , 0 , 0 , 0 , 14 , 2 , 2 , 1 , 2 , 0 , 0 
Michele Lamaro,Openside Flanker,italy,2021, 0 , 0 , 76 , 52 , 1 , 1 , 35 , 2 , 1 , 0 , 0 , 107 , 20 , 4 , 9 , 8 , 0 , 0 
Niccolo Cannone,Lock 4,italy,2021, 0 , 0 , 29 , 30 , 0 , 0 , 10 , 1 , 0 , 0 , 0 , 62 , 10 , 1 , 7 , 5 , 0 , 0 
Pietro Ceccarelli,Prop,italy,2021, 0 , 0 , 4 , 5 , 0 , 0 , 3 , 0 , 0 , 0 , 0 , 12 , 0 , 0 , 0 , 1 , 0 , 0 
Sebastian Negri da Ollegio,Openside Flanker,italy,2021, 0 , 0 , 119 , 73 , 1 , 0 , 6 , 0 , 0 , 0 , 0 , 90 , 5 , 0 , 8 , 4 , 1 , 0 
Tiziano Pasquali,Tight head prop,italy,2021,,,,,,,,,,,,,,,,,,
Toa Halafihi,Number 8,italy,2021,,,,,,,,,,,,,,,,,,
Alessandro Fusco,Fullback,italy,2021, 0 , 0 , 9 , 6 , 1 , 0 , 31 , 1 , 1 , 0 , 0 , 2 , 1 , 0 , 0 , 1 , 0 , 0 
Ange Capuozzo,Fullback,italy,2021,,,,,,,,,,,,,,,,,,
Callum Braley,Scrum half,italy,2021, 0 , 0 , 26 , 8 , 1 , 0 , 116 , 2 , 11 , 0 , 0 , 4 , 4 , 0 , 4 , 2 , 0 , 0 
Edoardo Padovani,Fullback,italy,2021, 0 , 0 , 54 , 28 , 2 , 0 , 18 , 1 , 6 , 0 , 0 , 10 , 5 , 1 , 4 , 0 , 0 , 0 
Federico Mori,Left wing,italy,2021, 0 , 0 , 63 , 26 , 3 , 1 , 15 , 5 , 2 , 0 , 0 , 23 , 2 , 0 , 4 , 3 , 1 , 0 
Giacomo Da Re,Fullback,italy,2021,,,,,,,,,,,,,,,,,,
Juan Ignacio Brex,Centre 12,italy,2021, 0 , 0 , 112 , 40 , 2 , 1 , 30 , 3 , 4 , 0 , 0 , 68 , 23 , 1 , 4 , 4 , 0 , 0 
Leonardo Marin ,Fly Half,italy,2021,,,,,,,,,,,,,,,,,,
Luca Morisi,Centre,italy,2021, 0 , 0 , 27 , 13 , 4 , 0 , 9 , 1 , 2 , 0 , 0 , 18 , 0 , 0 , 2 , 3 , 0 , 0 
Marco Zanon,Centre 12,italy,2021, 0 , 0 , 28 , 11 , 1 , 0 , 7 , 0 , 1 , 0 , 0 , 9 , 1 , 1 , 2 , 0 , 0 , 0 
Mark Sorenson,Wing,italy,2021, 5 , 1 , 66 , 10 , 2 , 2 , 5 , 3 , 1 , 0 , 0 , 3 , 1 , 1 , 1 , 0 , 0 , 0 
Monty Ioane,Right Wing,italy,2021, 10 , 2 , 206 , 66 , 12 , 2 , 42 , 7 , 7 , 0 , 0 , 24 , 7 , 1 , 7 , 1 , 1 , 0 
Paolo Garbisi,Fly half,italy,2021, 50 , 0 , 86 , 41 , 3 , 1 , 139 , 7 , 58 , 7 , 12 , 61 , 13 , 2 , 12 , 2 , 0 , 0 
Pierre Bruno,Wing,italy,2021, 5 , 1 , 66 , 10 , 2 , 2 , 5 , 3 , 1 , 0 , 0 , 3 , 1 , 1 , 1 , 0 , 0 , 0 
Stephen Varney,Scrum half,italy,2021, 5 , 1 , 34 , 17 , 3 , 2 , 349 , 4 , 22 , 0 , 0 , 30 , 14 , 1 , 10 , 1 , 0 , 0 
Tommaso Menoncello,Left Wing,italy,2021,,,,,,,,,,,,,,,,,,
Diego Arbelo,Prop,uruguay,2021, 0 , 0 , 6 , 4 , 0 , 0 , 0 , 0 , 0 , 0 , 0 , 3 , 2 , 0 , 2 , 5 , 0 , 0 
Eric dos Santos Madeira,Blindside Flanker,uruguay,2021,,,,,,,,,,,,,,,,,,
Franco Lamanna,Lock,uruguay,2021, 0 , 0 , 6 , 3 , 0 , 0 , 0 , 0 , 0 , 0 , 0 , 4 , 0 , 0 , 0 , 0 , 0 , 0 
German Kessler,Hooker,uruguay,2021, 0 , 0 , 15 , 12 , 0 , 0 , 0 , 0 , 0 , 0 , 0 , 6 , 0 , 1 , 3 , 0 , 0 , 0 
Kisi Pulu,Prop,uruguay,2021,,,,,,,,,,,,,,,,,,
Luke Crocker,Lock,uruguay,2021,,,,,,,,,,,,,,,,,,
Manuel Ardao,Flanker 6,uruguay,2021, 0 , 0 , 14 , 9 , 0 , 1 , 0 , 0 , 1 , 0 , 0 , 9 , 0 , 4 , 0 , 2 , 0 , 0 
Manuel Diana,Number 8,uruguay,2021, 0 , 0 , 50 , 20 , 0 , 0 , 10 , 4 , 0 , 0 , 0 , 12 , 1 , 0 , 1 , 1 , 0 , 0 
Manuel Leindekar,Lock,uruguay,2021, 0 , 0 , 12 , 6 , 0 , 0 , 1 , 0 , 0 , 0 , 0 , 1 , 0 , 0 , 0 , 1 , 0 , 0 
Mateo Sanguinetti,Prop,uruguay,2021, 5 , 1 , 15 , 8 , 0 , 0 , 2 , 0 , 0 , 0 , 0 , 5 , 5 , 0 , 0 , 3 , 0 , 0 
Santiago Civetta,Flanker 7,uruguay,2021, 0 , 0 , 14 , 7 , 1 , 0 , 3 , 1 , 0 , 0 , 0 , 8 , 1 , 1 , 0 , 0 , 0 , 0 
Agustin Ormaechea,Fullback,uruguay,2021,,,,,,,,,,,,,,,,,,
Diego Magno,,uruguay,2021, 0 , 0 , 5 , 2 , 0 , 0 , 1 , 0 , 0 , 0 , 0 , 3 , 0 , 0 , 0 , 0 , 0 , 0 
Facundo Gattas,,uruguay,2021, 0 , 0 , 6 , 2 , 0 , 0 , 0 , 0 , 0 , 0 , 0 , 1 , 1 , 0 , 2 , 0 , 0 , 0 
Federico Favaro,Wing,uruguay,2021, 3 , 0 , -1 , 2 , 0 , 0 , 0 , 0 , 0 , 0 , 1 , 3 , 0 , 0 , 1 , 0 , 0 , 0 
Felipe Arcos Perez,Outside centre,uruguay,2021,,,,,,,,,,,,,,,,,,
Felipe Etcheverry,,uruguay,2021, 0 , 0 , 14 , 5 , 1 , 0 , 19 , 1 , 7 , 0 , 0 , 6 , 3 , 0 , 3 , 1 , 0 , 0 
Gaston Mieres,Fullback,uruguay,2021, 0 , 0 , 7 , 5 , 0 , 0 , 4 , 1 , 0 , 0 , 0 , 3 , 0 , 1 , 1 , 0 , 0 , 0 
Ignacio Péculo,Fullback,uruguay,2021,,,,,,,,,,,,,,,,,,
Deon Fourie,Openside Flanker,south-africa,2021,,,,,,,,,,,,,,,,,,
Duane Vermeulen,Number 8,south-africa,2021, 0 , 0 , 76 , 37 , 1 , 0 , 3 , 0 , 0 , 0 , 0 , 41 , 4 , 6 , 2 , 2 , 0 , 0 
Eben Etzebeth,Lock,south-africa-a,2021, 0 , 0 , 2 , 1 , 0 , 0 , 1 , 0 , 0 , 0 , 0 , 18 , 2 , 1 , 0 , 2 , 0 , 0 
Elrigh Louw,Number 8,south-africa,2021,,,,,,,,,,,,,,,,,,
Franco Mostert ,Openside flanker,south-africa,2021,,,,,,,,,,,,,,,,,,
Frans Malherbe,Prop,south-africa,2021, 0 , 0 , 8 , 11 , 0 , 0 , 1 , 0 , 0 , 0 , 0 , 41 , 5 , 1 , 1 , 2 , 0 , 0 
Jasper Wiese,Number 8,south-africa-a,2021, 0 , 0 , 16 , 11 , 0 , 0 , 1 , 0 , 0 , 0 , 0 , 18 , 3 , 0 , 4 , 0 , 0 , 0 
Joeseph Dweba,Hooker,south-africa-a,2021, 0 , 0 , 13 , 7 , 0 , 0 , 1 , 0 , 0 , 0 , 0 , 13 , 0 , 0 , 3 , 2 , 0 , 0 
Kwagga Smith,Flanker 6,south-africa-a,2021, 0 , 0 , 20 , 9 , 2 , 0 , 2 , 0 , 0 , 0 , 0 , 11 , 4 , 0 , 2 , 1 , 0 , 0 
Lood De Jager,Lock 4,south-africa,2021, 0 , 0 , 69 , 54 , 1 , 0 , 3 , 0 , 0 , 0 , 0 , 109 , 14 , 9 , 6 , 7 , 0 , 0 
Malcolm Marx,Hooker,south-africa-a,2021, 0 , 0 , 2 , 3 , 0 , 0 , 0 , 0 , 0 , 0 , 0 , 10 , 1 , 1 , 4 , 0 , 0 , 0 
Marcell Coetzee,Flanker 6,south-africa,2021,,,,,,,,,,,,,,,,,,
Marvin Orie,Lock,south-africa,2021, 0 , 0 , 7 , 11 , 0 , 0 , 4 , 1 , 0 , 0 , 0 , 11 , 3 , 0 , 1 , 2 , 0 , 0 
Mbongeni Mbonami,Hooker,south-africa,2021, 10 , 2 , 32 , 30 , 1 , 1 , 7 , 1 , 0 , 0 , 0 , 57 , 8 , 1 , 15 , 2 , 0 , 0 
Ox Nche,Prop,south-africa,2021, 0 , 0 , 36 , 17 , 1 , 0 , 4 , 1 , 0 , 0 , 0 , 36 , 5 , 0 , 3 , 5 , 1 , 0 
Pieter-Steph du Toit,Flanker 7,south-africa-a,2021, 0 , 0 , 0 , 1 , 0 , 0 , 0 , 0 , 0 , 0 , 0 , 8 , 0 , 0 , 0 , 1 , 0 , 0 
Ruan Nortje,Lock,south-africa,2021,,,,,,,,,,,,,,,,,,
Rynhard Elstadt,Lock,south-africa-a,2021, 0 , 0 , 6 , 7 , 0 , 0 , 1 , 0 , 0 , 0 , 0 , 19 , 2 , 1 , 2 , 2 , 0 , 0 
Salmaan Moerat,Lock,south-africa,2021,,,,,,,,,,,,,,,,,,
Siya Kolisi,Blindside Flanker,south-africa,2021, 0 , 0 , 111 , 42 , 4 , 1 , 23 , 3 , 0 , 0 , 0 , 108 , 10 , 8 , 9 , 6 , 2 , 0 
Steven Kitshoff,Prop,south-africa-a,2021, 0 , 0 , 3 , 3 , 0 , 0 , 0 , 0 , 0 , 0 , 0 , 11 , 3 , 0 , 0 , 0 , 0 , 0 
Thomas du Toit,Prop,south-africa-a,2021, 0 , 0 , 1 , 3 , 0 , 0 , 0 , 0 , 0 , 0 , 0 , 5 , 3 , 0 , 2 , 1 , 0 , 0 
Trevor Nyakane,Prop,south-africa-a,2021, 0 , 0 , 3 , 1 , 0 , 0 , 0 , 0 , 0 , 0 , 0 , 7 , 0 , 0 , 0 , 2 , 0 , 0 
Vincent Koch,Prop,south-africa-a,2021, 0 , 0 , 5 , 4 , 0 , 0 , 2 , 1 , 0 , 0 , 0 , 20 , 3 , 0 , 0 , 3 , 0 , 0 
Andre Esterhuizen,Centre,south-africa,2021,,,,,,,,,,,,,,,,,,
Aphelele Fassi,Fullback,south-africa-a,2021, 5 , 1 , 22 , 11 , 0 , 0 , 4 , 0 , 2 , 0 , 0 , 0 , 3 , 0 , 0 , 0 , 0 , 0 
Canan Moodie,Right wing,south-africa,2021,,,,,,,,,,,,,,,,,,
Cheslin Kolbe,Fullback,south-africa-a,2021, 0 , 0 , 26 , 7 , 3 , 0 , 6 , 2 , 0 , 0 , 0 , 5 , 3 , 0 , 0 , 0 , 0 , 0 
Damian Willemse,Fly half,south-africa-a,2021, 0 , 0 , 0 , 1 , 0 , 0 , 2 , 0 , 1 , 0 , 0 , 16 , 0 , 0 , 0 , 0 , 0 , 0 
Damian de Allende,Centre,south-africa-a,2021, 0 , 0 , 13 , 5 , 0 , 0 , 3 , 0 , 2 , 0 , 0 , 12 , 2 , 3 , 2 , 0 , 0 , 0 
Elton Jantjies,Fly half,south-africa-a,2021, 4 , 0 , -2 , 1 , 0 , 0 , 8 , 0 , 9 , 2 , 0 , 6 , 2 , 2 , 2 , 0 , 0 , 0 
Evan Roos,Number 8,south-africa,2021,,,,,,,,,,,,,,,,,,
Francois de Klerk,Scrum Half,south-africa-a,2021, 0 , 0 , 0 , 1 , 0 , 0 , 39 , 1 , 16 , 0 , 0 , 4 , 5 , 0 , 0 , 3 , 1 , 0 
Frans Steyn,Centre,south-africa,2021, 9 , 0 , 78 , 44 , 6 , 0 , 18 , 3 , 15 , 0 , 3 , 24 , 4 , 4 , 5 , 9 , 0 , 0 
Grant Williams,Scrum half,south-africa,2021,,,,,,,,,,,,,,,,,,
Handre Pollard,Fly half,south-africa,2021, 141 , 0 , 88 , 47 , 4 , 0 , 120 , 6 , 68 , 9 , 41 , 47 , 9 , 1 , 12 , 7 , 0 , 0 
Hershel Jantjies,Scrum half,south-africa-a,2021, 0 , 0 , 2 , 1 , 0 , 0 , 0 , 0 , 0 , 0 , 0 , 1 , 0 , 0 , 1 , 0 , 0 , 0 
Jacobus Reinach,Scrum half,south-africa-a,2021, 0 , 0 , 14 , 2 , 0 , 1 , 32 , 2 , 7 , 0 , 0 , 4 , 0 , 0 , 3 , 0 , 0 , 0 
Jaden Hendrikse,Scrum Half,south-africa,2021, 5 , 1 , 9 , 1 , 1 , 1 , 7 , 0 , 3 , 0 , 0 , 5 , 0 , 0 , 2 , 1 , 0 , 0 
Jesse Kriel,Centre,south-africa-a,2021, 0 , 0 , 3 , 4 , 0 , 0 , 2 , 1 , 0 , 0 , 0 , 6 , 2 , 1 , 0 , 0 , 0 , 0 
Kurt-Lee Arendse,Full Back,south-africa,2021,,,,,,,,,,,,,,,,,,
Lukhanyo Am,Centre,south-africa-a,2021, 5 , 1 , 5 , 3 , 0 , 1 , 0 , 0 , 0 , 0 , 0 , 8 , 1 , 1 , 0 , 0 , 0 , 0 
Makazole Mapimpi,Wing,south-africa,2021, 30 , 6 , 95 , 44 , 7 , 5 , 13 , 5 , 3 , 0 , 0 , 40 , 9 , 1 , 11 , 6 , 0 , 0 
Ntuthuko Mchunu,Prop,south-africa,2021,,,,,,,,,,,,,,,,,,
Warrick Gelant,Fullback,south-africa,2021,,,,,,,,,,,,,,,,,,
Willie Le Roux,Fullback,south-africa-a,2021, 0 , 0 , 4 , 2 , 0 , 0 , 3 , 0 , 5 , 0 , 0 , 5 , 1 , 2 , 0 , 1 , 0 , 0 
Andrew Porter,Prop,ireland,2021, 5 , 1 , 94 , 47 , 1 , 0 , 8 , 0 , 0 , 0 , 0 , 40 , 6 , 2 , 2 , 8 , 0 , 0 
Caelan Doris,Number 8,ireland,2021, 10 , 2 , 184 , 58 , 3 , 2 , 23 , 5 , 0 , 0 , 0 , 54 , 7 , 4 , 13 , 1 , 0 , 0 
Cian Healy,Prop,ireland,2021, 10 , 2 , 21 , 18 , 1 , 0 , 1 , 0 , 0 , 0 , 0 , 40 , 8 , 1 , 4 , 3 , 0 , 0 
Cian Prendergast,Number 8,ireland,2021,,,,,,,,,,,,,,,,,,
Dan Sheehan,Hooker,ireland,2021, 5 , 1 , 28 , 11 , 1 , 0 , 2 , 0 , 0 , 0 , 0 , 16 , 0 , 1 , 2 , 2 , 0 , 0 
Dave Heffernan,Hooker,ireland,2021, 0 , 0 , 10 , 2 , 0 , 0 , 1 , 1 , 0 , 0 , 0 , 3 , 0 , 0 , 0 , 1 , 0 , 0 
Dave Kilcoyne,Prop,ireland,2021, 0 , 0 , 29 , 20 , 2 , 0 , 7 , 1 , 0 , 0 , 0 , 28 , 4 , 1 , 0 , 5 , 0 , 0 
Ed Byrne,Loosehead Prop,ireland,2021, 0 , 0 , 9 , 5 , 0 , 0 , 1 , 0 , 0 , 0 , 0 , 11 , 2 , 1 , 0 , 0 , 0 , 0 
Finlay Bealham,Prop,ireland,2021, 10 , 2 , 12 , 5 , 2 , 0 , 1 , 0 , 0 , 0 , 0 , 18 , 1 , 0 , 0 , 0 , 0 , 0 
Gavin Coombes,Flanker 6,ireland,2021, 5 , 1 , 31 , 13 , 2 , 0 , 8 , 2 , 0 , 0 , 0 , 11 , 0 , 1 , 2 , 1 , 0 , 0 
Iain Henderson,Lock,ireland,2021, 10 , 2 , 108 , 57 , 5 , 1 , 18 , 3 , 0 , 0 , 0 , 59 , 4 , 17 , 5 , 3 , 0 , 0 
Jack Conan,Number 8,ireland,2021, 5 , 1 , 94 , 39 , 2 , 3 , 16 , 6 , 0 , 0 , 0 , 25 , 5 , 4 , 2 , 1 , 0 , 0 
James Ryan,Lock,ireland,2021, 0 , 0 , 131 , 64 , 1 , 0 , 18 , 3 , 0 , 0 , 0 , 73 , 2 , 9 , 8 , 5 , 0 , 0 
Jeremy Loughman,Prop,ireland,2021,,,,,,,,,,,,,,,,,,
Joe McCarthy,Lock 5,ireland,2021,,,,,,,,,,,,,,,,,,
Josh Van der Flier,Flanker 7,ireland,2021, 10 , 2 , 106 , 43 , 3 , 0 , 26 , 3 , 0 , 0 , 0 , 52 , 6 , 1 , 4 , 1 , 0 , 0 
Kieran Treadwell,Lock,ireland,2021,,,,,,,,,,,,,,,,,,
Michael Bent,Tighthead Prop,ireland,2021,,,,,,,,,,,,,,,,,,
Niall Scannell,Hooker,ireland,2021,,,,,,,,,,,,,,,,,,
Nick Timoney,Number 8,ireland,2021, 5 , 1 , 0 , 3 , 0 , 0 , 3 , 0 , 0 , 0 , 0 , 7 , 0 , 1 , 0 , 1 , 0 , 0 
Peter O'Mahony,Flanker 7,ireland,2021, 0 , 0 , 43 , 31 , 0 , 0 , 14 , 1 , 0 , 0 , 0 , 32 , 5 , 5 , 1 , 4 , 0 , 1 
Rob Herring,Hooker,ireland,2021, 0 , 0 , 17 , 10 , 0 , 0 , 15 , 0 , 0 , 0 , 0 , 38 , 9 , 1 , 4 , 3 , 0 , 0 
Ronan Kelleher,Hooker,ireland,2021, 25 , 5 , 77 , 47 , 3 , 2 , 17 , 3 , 0 , 0 , 0 , 53 , 1 , 4 , 10 , 4 , 0 , 0 
Ryan Baird,Lock,ireland,2021, 0 , 0 , 74 , 23 , 1 , 1 , 6 , 2 , 0 , 0 , 0 , 23 , 8 , 1 , 0 , 0 , 0 , 0 
Tadgh Beirne,Lock,ireland,2021, 10 , 2 , 93 , 52 , 5 , 1 , 32 , 4 , 0 , 0 , 0 , 47 , 5 , 10 , 5 , 6 , 0 , 0 
Tadhg Furlong,Tighthead Prop,ireland,2021, 0 , 0 , 93 , 53 , 3 , 1 , 23 , 2 , 0 , 0 , 0 , 41 , 6 , 0 , 5 , 4 , 0 , 0 
Tom O'Toole,Prop,ireland,2021, 0 , 0 , 3 , 3 , 0 , 0 , 8 , 0 , 0 , 0 , 0 , 13 , 0 , 0 , 1 , 0 , 0 , 0 
Andrew Conway,Wing,ireland,2021, 15 , 3 , 85 , 18 , 2 , 2 , 16 , 4 , 4 , 0 , 0 , 10 , 0 , 0 , 2 , 3 , 0 , 0 
Bundee Aki,Centre,ireland,2021, 5 , 1 , 64 , 26 , 1 , 1 , 22 , 5 , 0 , 0 , 0 , 20 , 3 , 1 , 3 , 1 , 0 , 1 
Ciaran Frawley,Fly half,ireland,2021,,,,,,,,,,,,,,,,,,
Conor Murray,Scrum half,ireland,2021, 0 , 0 , 8 , 7 , 0 , 0 , 236 , 0 , 35 , 0 , 0 , 18 , 6 , 0 , 2 , 4 , 1 , 0 
Craig Casey,Scrum Half,ireland,2021, 0 , 0 , 9 , 8 , 0 , 0 , 140 , 2 , 10 , 0 , 0 , 7 , 1 , 0 , 2 , 2 , 0 , 0 
Garry Ringrose,Centre,ireland,2021, 10 , 2 , 225 , 72 , 13 , 2 , 48 , 8 , 8 , 0 , 0 , 40 , 12 , 2 , 10 , 5 , 0 , 0 
Hugo Keenan,Fullback,ireland,2021, 10 , 2 , 249 , 77 , 17 , 3 , 64 , 4 , 17 , 0 , 0 , 23 , 9 , 1 , 6 , 1 , 0 , 0 
Jack Carty,Fly half,ireland,2021,,,,,,,,,,,,,,,,,,
James Hume,Centre 13,ireland,2021, 0 , 0 , 34 , 10 , 1 , 1 , 7 , 2 , 0 , 0 , 0 , 2 , 0 , 0 , 0 , 0 , 0 , 0 
James Lowe,Left Wing,ireland,2021, 10 , 2 , 338 , 73 , 10 , 8 , 47 , 15 , 39 , 0 , 0 , 21 , 7 , 1 , 12 , 2 , 0 , 0 
Jamison Gibson-Park,Scrum Half,ireland,2021, 5 , 1 , 79 , 26 , 6 , 1 , 492 , 6 , 59 , 0 , 0 , 23 , 11 , 0 , 9 , 3 , 0 , 0 
Jimmy O'Brien,Centre,ireland,2021,,,,,,,,,,,,,,,,,,
Joey Carbery,Fly half,ireland,2021, 56 , 0 , 59 , 16 , 1 , 1 , 67 , 4 , 22 , 16 , 8 , 26 , 10 , 1 , 6 , 3 , 0 , 0 
Johnny Sexton,Fly Half,ireland,2021, 88 , 1 , 66 , 33 , 8 , 1 , 147 , 8 , 40 , 16 , 17 , 42 , 1 , 0 , 9 , 3 , 0 , 0 
Jordan Larmour,Wing,ireland,2021, 0 , 0 , 40 , 12 , 7 , 1 , 9 , 3 , 3 , 0 , 0 , 4 , 2 , 0 , 2 , 1 , 0 , 0 
Keith Earls,Wing,ireland,2021, 10 , 2 , 102 , 24 , 6 , 3 , 13 , 0 , 4 , 0 , 0 , 31 , 7 , 2 , 5 , 2 , 0 , 0 
Michael Lowry,Fullback,ireland,2021,,,,,,,,,,,,,,,,,,
Robbie Henshaw,Centre,ireland,2021, 5 , 1 , 121 , 73 , 6 , 1 , 49 , 4 , 4 , 0 , 0 , 38 , 5 , 1 , 3 , 1 , 0 , 0 
Robert Baloucoune,Wing,ireland,2021, 5 , 1 , 157 , 19 , 5 , 2 , 5 , 3 , 0 , 0 , 0 , 9 , 2 , 2 , 2 , 1 , 0 , 0 
Simon Westraadt,,ireland,2021,,,,,,,,,,,,,,,,,,
Stuart McCloskey,Centre,ireland,2021, 10 , 2 , 84 , 21 , 4 , 0 , 21 , 0 , 0 , 0 , 0 , 22 , 1 , 0 , 1 , 3 , 0 , 0 
Allan Dell,Prop,scotland,2021,,,,,,,,,,,,,,,,,,
Andy Christie,Flanker 6,scotland,2021,,,,,,,,,,,,,,,,,,
David Cherry,Hooker,scotland,2021, 15 , 3 , 24 , 13 , 0 , 0 , 3 , 0 , 0 , 0 , 0 , 12 , 3 , 0 , 4 , 2 , 0 , 0 
Ewan Ashman,Hooker,scotland,2021, 5 , 1 , 12 , 3 , 0 , 0 , 3 , 0 , 0 , 0 , 0 , 8 , 0 , 0 , 5 , 2 , 0 , 0 
Fraser Brown,Hooker,scotland,2021,,,,,,,,,,,,,,,,,,
George Turner,Hooker,scotland,2021, 5 , 1 , 39 , 34 , 1 , 0 , 9 , 1 , 0 , 0 , 0 , 47 , 8 , 1 , 11 , 1 , 0 , 0 
Glen Young,Lock,scotland,2021,,,,,,,,,,,,,,,,,,
Grant Gilchrist,Lock,scotland,2021, 0 , 0 , 28 , 22 , 0 , 0 , 16 , 0 , 0 , 0 , 0 , 49 , 1 , 1 , 1 , 2 , 0 , 0 
Hamish Watson,Flanker 7,scotland,2021, 10 , 2 , 107 , 71 , 3 , 0 , 17 , 1 , 0 , 0 , 0 , 87 , 0 , 6 , 5 , 1 , 0 , 0 
Jack Dempsey,Flanker 6,scotland,2021,,,,,,,,,,,,,,,,,,
Jamie Bhattie,Prop,scotland,2021, 0 , 0 , 9 , 4 , 0 , 0 , 2 , 0 , 0 , 0 , 0 , 11 , 0 , 0 , 0 , 3 , 0 , 0 
Jamie Hodgson,Lock,scotland,2021, 0 , 0 , 10 , 7 , 0 , 0 , 3 , 0 , 0 , 0 , 0 , 18 , 1 , 2 , 2 , 2 , 0 , 0 
Jamie Ritchie,Openside Flanker,scotland,2021, 0 , 0 , 63 , 32 , 1 , 0 , 20 , 4 , 2 , 0 , 0 , 80 , 3 , 5 , 4 , 9 , 1 , 0 
Javan Sebastian,Prop,scotland,2021, 0 , 0 , 3 , 2 , 0 , 0 , 0 , 0 , 0 , 0 , 0 , 3 , 0 , 0 , 0 , 0 , 0 , 0 
Jonny Gray,Lock,scotland,2021, 0 , 0 , 9 , 26 , 1 , 1 , 6 , 0 , 0 , 0 , 0 , 32 , 0 , 3 , 0 , 1 , 0 , 0 
Josh Bayliss,Blindside Flanker,scotland,2021, 0 , 0 , 13 , 8 , 0 , 0 , 3 , 0 , 0 , 0 , 0 , 13 , 0 , 1 , 0 , 1 , 0 , 0 
Luke Crosbie,Flanker 6,scotland,2021, 0 , 0 , 3 , 6 , 0 , 0 , 1 , 0 , 0 , 0 , 0 , 7 , 0 , 0 , 0 , 0 , 0 , 0 
Magnus Bradbury,Blindside Flanker,scotland,2021,,,,,,,,,,,,,,,,,,
Matt Fagerson,Flanker 7,scotland,2021, 0 , 0 , 71 , 85 , 2 , 0 , 23 , 4 , 0 , 0 , 0 , 58 , 1 , 1 , 5 , 4 , 0 , 0 
Nick Haining,Number 8,scotland,2021, 5 , 1 , 50 , 21 , 2 , 0 , 9 , 2 , 1 , 0 , 0 , 24 , 6 , 2 , 1 , 2 , 0 , 0 
Pierre Schoeman,Prop,scotland,2021, 5 , 1 , 33 , 19 , 0 , 0 , 7 , 1 , 0 , 0 , 0 , 25 , 1 , 1 , 4 , 1 , 0 , 0 
Rory Darge,Flanker 7,scotland,2021,,,,,,,,,,,,,,,,,,
Rory Sutherland,Prop,scotland,2021, 0 , 0 , 13 , 26 , 0 , 0 , 3 , 0 , 0 , 0 , 0 , 35 , 0 , 0 , 1 , 7 , 0 , 0 
Sam Skinner,Lock 4,scotland,2021, 0 , 0 , 16 , 16 , 0 , 0 , 10 , 0 , 0 , 0 , 0 , 25 , 2 , 3 , 3 , 2 , 0 , 0 
Scott Cummings,Lock,scotland,2021, 0 , 0 , 18 , 17 , 0 , 0 , 5 , 0 , 0 , 0 , 0 , 26 , 1 , 1 , 2 , 3 , 0 , 0 
Stuart McInally,Hooker,scotland,2021, 5 , 1 , 22 , 18 , 0 , 0 , 6 , 0 , 0 , 0 , 0 , 18 , 0 , 0 , 3 , 0 , 0 , 0 
WP Nel,Prop,scotland,2021, 0 , 0 , -1 , 6 , 0 , 0 , 1 , 0 , 0 , 0 , 0 , 13 , 1 , 0 , 0 , 0 , 0 , 0 
Zander Fagerson,Prop,scotland,2021, 0 , 0 , 33 , 47 , 0 , 0 , 11 , 0 , 0 , 0 , 0 , 41 , 1 , 0 , 4 , 13 , 0 , 1 
Adam Hastings,Fly Half,scotland,2021, 2 , 0 , 7 , 4 , 0 , 0 , 7 , 1 , 1 , 1 , 0 , 2 , 0 , 0 , 0 , 0 , 0 , 0 
Ali Price,Scrum half,scotland,2021, 0 , 0 , 8 , 18 , 3 , 0 , 492 , 5 , 48 , 0 , 0 , 38 , 6 , 2 , 8 , 6 , 0 , 0 
Ben Vellacott,Scrum half,scotland,2021,,,,,,,,,,,,,,,,,,
Ben White,Scrum half,scotland,2021,,,,,,,,,,,,,,,,,,
Blair Kinghorn,Fullback,scotland,2021, 6 , 1 , 12 , 9 , 1 , 0 , 25 , 6 , 2 , 3 , 0 , 10 , 4 , 1 , 2 , 0 , 0 , 0 
Cameron Redpath,Centre,scotland,2021, 0 , 0 , 18 , 5 , 2 , 1 , 3 , 0 , 2 , 0 , 0 , 5 , 1 , 1 , 1 , 0 , 0 , 0 
Chris Harris,Centre,scotland,2021, 0 , 0 , 57 , 30 , 2 , 0 , 21 , 5 , 1 , 0 , 0 , 61 , 5 , 2 , 8 , 6 , 0 , 0 
Darcy Graham,Wing,scotland,2021, 10 , 2 , 139 , 36 , 14 , 1 , 8 , 0 , 4 , 0 , 0 , 5 , 4 , 0 , 2 , 0 , 0 , 0 
Duhan van der Merwe,Wing,scotland,2021, 30 , 6 , 197 , 63 , 28 , 6 , 17 , 9 , 4 , 0 , 0 , 20 , 6 , 1 , 3 , 3 , 0 , 0 
Finn Russell,Fly half,scotland,2021, 54 , 1 , 46 , 28 , 3 , 0 , 142 , 14 , 84 , 11 , 9 , 43 , 13 , 3 , 18 , 3 , 1 , 1 
George Horne,Scrum half,scotland,2021, 0 , 0 , 10 , 6 , 0 , 1 , 23 , 0 , 1 , 0 , 0 , 4 , 0 , 0 , 0 , 0 , 0 , 0 
Kyle Rowe,Fullback,scotland,2021,,,,,,,,,,,,,,,,,,
Kyle Steyn,Wing,scotland,2021, 20 , 4 , 35 , 8 , 5 , 3 , 3 , 1 , 0 , 0 , 0 , 9 , 2 , 1 , 1 , 0 , 0 , 0 
Mark Bennett,Centre,scotland,2021,,,,,,,,,,,,,,,,,,
Ollie Smith,Fullback,scotland,2021,,,,,,,,,,,,,,,,,,
Rory Hutchinson,Centre,scotland,2021,,,,,,,,,,,,,,,,,,
Ross Thompson,Fullback,scotland,2021, 4 , 1 , 2 , 2 , 0 , 0 , 8 , 1 , 4 , 2 , 0 , 3 , 0 , 0 , 0 , 0 , 0 , 0 
Rufus McLean,,scotland,2021, 10 , 2 , 57 , 11 , 5 , 3 , 1 , 0 , 0 , 0 , 0 , 4 , 1 , 1 , 0 , 0 , 0 , 0 
Sam Johnson,Centre,scotland,2021, 5 , 1 , 63 , 29 , 13 , 1 , 35 , 0 , 2 , 0 , 0 , 44 , 7 , 1 , 4 , 0 , 0 , 0 
Sione Tuipulotu,Centre 12,scotland,2021, 0 , 0 , 12 , 9 , 0 , 1 , 8 , 1 , 0 , 0 , 0 , 3 , 0 , 0 , 0 , 0 , 0 , 0 
Stuart Hogg,Fullback,scotland,2021, 41 , 5 , 220 , 49 , 21 , 7 , 72 , 13 , 24 , 8 , 0 , 23 , 5 , 2 , 11 , 9 , 1 , 0 
Ben Betts,Prop,tonga,2021,,,,,,,,,,,,,,,,,,
Ben Tameifuna,Prop,tonga,2021, 0 , 0 , 20 , 11 , 1 , 0 , 3 , 0 , 0 , 0 , 0 , 4 , 2 , 2 , 0 , 2 , 0 , 0 
Dan Tuohy,Lock,tonga,2021,,,,,,,,,,,,,,,,,,
Daniel Faleafa,Flanker 6,tonga,2021, 0 , 0 , 0 , 0 , 0 , 0 , 0 , 0 , 0 , 0 , 0 , 5 , 1 , 0 , 0 , 0 , 0 , 0 
David Lolohea,Tight head prop,tonga,2021, 5 , 1 , 15 , 7 , 0 , 0 , 0 , 0 , 0 , 0 , 0 , 7 , 3 , 1 , 2 , 0 , 0 , 0 
Don Lolo,Lock 4,tonga,2021, 0 , 0 , 6 , 5 , 0 , 0 , 1 , 0 , 0 , 0 , 0 , 20 , 11 , 1 , 1 , 0 , 0 , 0 
Duke Nginingini,Prop,tonga,2021, 0 , 0 , 4 , 3 , 0 , 0 , 0 , 0 , 0 , 0 , 0 , 7 , 4 , 1 , 1 , 2 , 0 , 0 
Fotu Lokotui,Flanker 7,tonga,2021, 0 , 0 , 23 , 12 , 0 , 0 , 4 , 0 , 0 , 0 , 0 , 7 , 3 , 0 , 0 , 0 , 0 , 0 
Ian Evans,Lock,tonga,2021,,,,,,,,,,,,,,,,,,
Jay Fonokalafi,Loosehead Prop,tonga,2021, 5 , 1 , 13 , 7 , 0 , 0 , 0 , 0 , 0 , 0 , 0 , 10 , 2 , 1 , 7 , 2 , 0 , 0 
Jeremy Thrush,Lock,tonga,2021,,,,,,,,,,,,,,,,,,
Jethro Felemi,Prop,tonga,2021, 0 , 0 , 4 , 4 , 0 , 0 , 0 , 0 , 0 , 0 , 0 , 18 , 2 , 0 , 0 , 1 , 0 , 0 
Leva Fifita,Lock,tonga,2021, 0 , 0 , 25 , 12 , 0 , 0 , 1 , 0 , 0 , 0 , 0 , 22 , 3 , 0 , 1 , 1 , 0 , 0 
Loni Uhila,Prop,tonga,2021, 0 , 0 , 8 , 5 , 2 , 1 , 2 , 1 , 0 , 0 , 0 , 7 , 4 , 0 , 0 , 3 , 0 , 0 
Lopeti Timani,Lock,tonga,2021, 0 , 0 , 8 , 5 , 0 , 0 , 0 , 0 , 0 , 0 , 0 , 5 , 0 , 0 , 0 , 0 , 0 , 0 
Lua Li,Prop,tonga,2021, 0 , 0 , 0 , 1 , 0 , 0 , 1 , 0 , 0 , 0 , 0 , 0 , 0 , 0 , 0 , 0 , 0 , 0 
Ma'afu Fia,Prop,tonga,2021, 0 , 0 , 0 , 0 , 0 , 0 , 0 , 0 , 0 , 0 , 0 , 2 , 2 , 0 , 0 , 2 , 0 , 0 
Maama Vaipulu,Number 8,tonga,2021, 0 , 0 , 10 , 6 , 0 , 0 , 4 , 0 , 0 , 0 , 0 , 10 , 2 , 0 , 1 , 0 , 0 , 0 
Mateaki Kafatolu,Flanker 6,tonga,2021, 0 , 0 , 16 , 10 , 0 , 0 , 2 , 1 , 0 , 0 , 0 , 49 , 8 , 1 , 1 , 2 , 0 , 0 
Nasi Manu,Number 8,tonga,2021, 0 , 0 , 15 , 12 , 0 , 0 , 2 , 1 , 1 , 0 , 0 , 15 , 5 , 2 , 2 , 0 , 0 , 0 
Nicola Cattina,Lock,tonga,2021,,,,,,,,,,,,,,,,,,
Onehunga Havili,Flanker 7,tonga,2021, 0 , 0 , 16 , 5 , 0 , 0 , 0 , 0 , 0 , 0 , 0 , 9 , 2 , 1 , 1 , 0 , 0 , 0 
Paula Ngauamo,Hooker,tonga,2021, 0 , 0 , 3 , 3 , 0 , 0 , 1 , 0 , 0 , 0 , 0 , 4 , 1 , 0 , 3 , 0 , 0 , 0 
Sam Dickinson,Number 8,tonga,2021,,,,,,,,,,,,,,,,,,
Samiuela Moli,Hooker,tonga,2021, 0 , 0 , 4 , 3 , 0 , 0 , 2 , 0 , 0 , 0 , 0 , 11 , 1 , 0 , 6 , 2 , 0 , 0 
Shaun Knight,Prop,tonga,2021,,,,,,,,,,,,,,,,,,
Siegfried Fisiihoi,Prop,tonga,2021, 0 , 0 , -1 , 3 , 0 , 0 , 2 , 1 , 0 , 0 , 0 , 8 , 0 , 1 , 0 , 1 , 0 , 0 
Sila Puafisi,Prop,tonga,2021, 0 , 0 , 4 , 5 , 0 , 0 , 3 , 0 , 0 , 0 , 0 , 16 , 7 , 0 , 1 , 0 , 0 , 0 
Sione Tuipolotu,Lock 4,tonga,2021, 5 , 1 , 38 , 22 , 1 , 0 , 0 , 0 , 0 , 0 , 0 , 13 , 3 , 1 , 3 , 0 , 0 , 0 
Sione Vailanu,Number 8,tonga,2021, 0 , 0 , 19 , 8 , 0 , 1 , 3 , 0 , 0 , 0 , 0 , 5 , 2 , 1 , 2 , 1 , 0 , 0 
Siua Maile,Hooker,tonga,2021, 0 , 0 , 7 , 11 , 0 , 0 , 5 , 1 , 0 , 0 , 0 , 10 , 2 , 0 , 4 , 2 , 0 , 0 
Solomone Funaki,Blindside Flanker,tonga,2021, 0 , 0 , 11 , 7 , 0 , 0 , 2 , 0 , 0 , 0 , 0 , 10 , 2 , 3 , 1 , 0 , 0 , 0 
Tanginoa Halaifonua,Lock,tonga,2021, 0 , 0 , 11 , 7 , 0 , 0 , 5 , 2 , 0 , 0 , 0 , 18 , 3 , 1 , 0 , 3 , 0 , 0 
Tom Johnson,Flanker 6,tonga,2021,,,,,,,,,,,,,,,,,,
Toma Taufa,Prop,tonga,2021, 0 , 0 , 0 , 0 , 0 , 0 , 0 , 0 , 0 , 0 , 0 , 4 , 0 , 0 , 0 , 1 , 0 , 0 
Valentino Mapapalangi,Flanker 6,tonga,2021, 0 , 0 , 5 , 6 , 0 , 0 , 2 , 0 , 0 , 0 , 0 , 4 , 1 , 0 , 1 , 1 , 0 , 0 
Wandile Putuma,Lock,tonga,2021,,,,,,,,,,,,,,,,,,
Zane Kapeli,Flanker 7,tonga,2021, 0 , 0 , 7 , 5 , 0 , 0 , 1 , 1 , 0 , 0 , 0 , 15 , 6 , 0 , 0 , 0 , 0 , 0 
Afeafe Haisila-Lokotui,Centre,tonga,2021, 0 , 0 , 4 , 1 , 0 , 0 , 0 , 0 , 1 , 0 , 0 , 1 , 1 , 0 , 0 , 0 , 0 , 0 
Afusipa Taumoepeau,Wing,tonga,2021, 0 , 0 , 8 , 3 , 0 , 0 , 2 , 0 , 1 , 0 , 0 , 11 , 2 , 1 , 0 , 1 , 0 , 0 
Aisea Halo,Scrum Half,tonga,2021, 0 , 0 , 0 , 0 , 0 , 0 , 3 , 0 , 0 , 0 , 0 , 2 , 2 , 0 , 0 , 1 , 1 , 0 
Atunaisa Manu,Right wing,tonga,2021,,,,,,,,,,,,,,,,,,
Cecil Afrika,Fly half,tonga,2021,,,,,,,,,,,,,,,,,,
Fine Inisi,Centre 13,tonga,2021, 0 , 0 , 15 , 7 , 1 , 0 , 4 , 3 , 0 , 0 , 0 , 16 , 0 , 1 , 1 , 0 , 0 , 0 
Hosea Saumaki,Wing,tonga,2021, 0 , 0 , 20 , 10 , 1 , 0 , 1 , 0 , 2 , 0 , 0 , 8 , 1 , 0 , 3 , 0 , 0 , 0 
JC Roos,Centre,tonga,2021,,,,,,,,,,,,,,,,,,
JacopoTrulla,,tonga,2021, 0 , 0 , 1 , 2 , 0 , 0 , 0 , 0 , 0 , 0 , 0 , 1 , 0 , 0 , 0 , 0 , 0 , 0 
James Faiva,Fly half,tonga,2021, 14 , 0 , 28 , 16 , 6 , 0 , 16 , 2 , 14 , 1 , 4 , 15 , 8 , 0 , 7 , 3 , 0 , 0 
John Tapueluelu,Fullback,tonga,2021,,,,,,,,,,,,,,,,,,
Kali Hala,Fly half,tonga,2021, 0 , 0 , 3 , 5 , 0 , 0 , 7 , 0 , 9 , 0 , 0 , 12 , 5 , 0 , 1 , 0 , 0 , 0 
Kurt Morath,Fly half,tonga,2021, 0 , 0 , 0 , 0 , 0 , 0 , 13 , 0 , 13 , 0 , 0 , 7 , 4 , 0 , 1 , 1 , 0 , 0 
Leon Fukofuka,Scrum half,tonga,2021, 0 , 0 , 3 , 2 , 0 , 0 , 0 , 0 , 0 , 0 , 0 , 2 , 2 , 0 , 0 , 0 , 0 , 0 
Luatangi Li,,canada,2021, 5 , 1 , 28 , 13 , 1 , 0 , 2 , 1 , 1 , 0 , 0 , 11 , 2 , 0 , 4 , 2 , 0 , 0 
Maile Ngauamo,,tonga,2021, 0 , 0 , 1 , 1 , 0 , 0 , 0 , 0 , 0 , 0 , 0 , 6 , 1 , 0 , 0 , 0 , 0 , 0 
Mali Hingano,Centre,tonga,2021, 0 , 0 , 12 , 7 , 1 , 0 , 0 , 0 , 1 , 0 , 0 , 15 , 2 , 0 , 1 , 3 , 0 , 0 
Malietoa Hingano,,tonga,2021,,,,,,,,,,,,,,,,,,
Nafi Tu'itavake,Right Wing,tonga,2021, 0 , 0 , 1 , 2 , 0 , 0 , 0 , 0 , 0 , 0 , 0 , 0 , 0 , 0 , 1 , 0 , 0 , 0 
Nikolai Foliaki,Centre,tonga,2021, 0 , 0 , 16 , 10 , 0 , 0 , 6 , 0 , 2 , 0 , 0 , 22 , 4 , 0 , 3 , 0 , 0 , 0 
Oliver Zono,Fly half,tonga,2021,,,,,,,,,,,,,,,,,,
Penikolo Latu,Wing,tonga,2021, 0 , 0 , 7 , 6 , 0 , 0 , 0 , 0 , 0 , 0 , 0 , 15 , 4 , 1 , 4 , 0 , 0 , 0 
Robbie Fruean,Centre,tonga,2021,,,,,,,,,,,,,,,,,,
Sam Vaka,Centre,tonga,2021,,,,,,,,,,,,,,,,,,
Setefano Funaki,,tonga,2021, 0 , 0 , 9 , 4 , 0 , 0 , 1 , 0 , 0 , 0 , 0 , 12 , 2 , 1 , 0 , 1 , 0 , 0 
Solomone Kata,,tonga,2021, 0 , 0 , 9 , 6 , 1 , 0 , 1 , 1 , 0 , 0 , 0 , 3 , 4 , 0 , 2 , 3 , 1 , 0 
Sonatane Takulua,Scrum half,tonga,2021, 3 , 0 , 16 , 12 , 1 , 0 , 198 , 2 , 16 , 0 , 1 , 25 , 5 , 0 , 4 , 1 , 0 , 0 
Tau Koloamatangi,Fullback,tonga,2021,,,,,,,,,,,,,,,,,,
Telusa Veainu,Wing,tonga,2021, 0 , 0 , 35 , 6 , 2 , 0 , 3 , 0 , 2 , 0 , 0 , 5 , 3 , 3 , 2 , 1 , 0 , 0 
Vaea Tutuila Vaea,Inside centre,tonga,2021,,,,,,,,,,,,,,,,,,
Viliami Fine,Fullback,tonga,2021, 0 , 0 , 0 , 0 , 0 , 0 , 0 , 0 , 0 , 0 , 0 , 2 , 0 , 1 , 0 , 1 , 0 , 1 
Viliami Taulani,Fly Half,tonga,2021, 0 , 0 , 4 , 6 , 0 , 0 , 3 , 1 , 0 , 0 , 0 , 10 , 3 , 1 , 4 , 0 , 0 , 0 
Walter Fifita,,tonga,2021, 0 , 0 , 38 , 14 , 1 , 0 , 4 , 3 , 0 , 0 , 0 , 5 , 4 , 1 , 1 , 1 , 1 , 0 
Adrian Motoc,Lock,romania,2021, 0 , 0 , 1 , 2 , 0 , 0 , 0 , 0 , 0 , 0 , 0 , 8 , 1 , 0 , 2 , 0 , 0 , 0 
Alex Gordas,Prop,romania,2021,,,,,,,,,,,,,,,,,,
Alexandru Savin,Prop,romania,2021, 0 , 0 , 5 , 2 , 0 , 0 , 0 , 0 , 0 , 0 , 0 , 5 , 0 , 0 , 1 , 2 , 0 , 0 
Alexandru Tarus,Prop,romania,2021, 0 , 0 , 3 , 5 , 0 , 0 , 0 , 0 , 0 , 0 , 0 , 4 , 1 , 0 , 0 , 1 , 0 , 0 
Constantin Pristavita,Prop,romania,2021,,,,,,,,,,,,,,,,,,
Costel Burtila,Tighthead Prop,romania,2021,,,,,,,,,,,,,,,,,,
Cristian Chirica,Number 8,romania,2021, 0 , 0 , 5 , 3 , 0 , 0 , 0 , 0 , 0 , 0 , 0 , 9 , 2 , 1 , 0 , 2 , 1 , 0 
Dragos Ser,Openside Flanker,romania,2021,,,,,,,,,,,,,,,,,,
Florin Bardasu,Hooker,romania,2021, 0 , 0 , 0 , 0 , 0 , 0 , 0 , 0 , 0 , 0 , 0 , 3 , 0 , 1 , 1 , 0 , 0 , 0 
Marius Antonescu,Lock,romania,2021, 0 , 0 , 0 , 0 , 0 , 0 , 0 , 0 , 1 , 0 , 0 , 3 , 0 , 0 , 0 , 2 , 1 , 0 
Marius Iftimiciuc,Lock,romania,2021,,,,,,,,,,,,,,,,,,
Mihai Macovei,Flanker 7,romania,2021, 0 , 0 , 2 , 3 , 0 , 0 , 1 , 0 , 0 , 0 , 0 , 7 , 2 , 0 , 0 , 1 , 0 , 0 
Ovidiu Cojocaru,Hooker,romania,2021,,,,,,,,,,,,,,,,,,
Alexandru Bucur,Wing,romania,2021, 0 , 0 , 1 , 2 , 0 , 0 , 3 , 0 , 0 , 0 , 0 , 13 , 3 , 1 , 0 , 0 , 0 , 0 
Andrei Gorin,,romania,2021, 0 , 0 , -2 , 5 , 0 , 0 , 2 , 0 , 0 , 0 , 0 , 13 , 0 , 0 , 0 , 1 , 0 , 0 
Balan Vasile,Fly Half,romania,2021,,,,,,,,,,,,,,,,,,
Daniel Plai,Fly half,romania,2021, 0 , 0 , 4 , 3 , 0 , 0 , 4 , 0 , 6 , 0 , 0 , 14 , 2 , 2 , 1 , 1 , 0 , 0 
Florian Rosu,Fullback,romania,2021, 0 , 0 , 0 , 0 , 0 , 0 , 0 , 0 , 0 , 0 , 0 , 4 , 1 , 1 , 1 , 2 , 0 , 0 
Florin Surugiu,Scrum half,romania,2021, 0 , 0 , 1 , 1 , 0 , 0 , 9 , 0 , 3 , 0 , 0 , 3 , 1 , 0 , 0 , 1 , 0 , 0 
Gabriel Rupanu,Centre 13,romania,2021, 0 , 0 , 0 , 0 , 0 , 0 , 18 , 0 , 4 , 0 , 0 , 3 , 1 , 0 , 1 , 0 , 0 , 0 
Hinckley Vovasa,Outside centre,romania,2021,,,,,,,,,,,,,,,,,,
Ionel Melinte,Fullback,romania,2021, 9 , 0 , 4 , 2 , 1 , 0 , 1 , 0 , 4 , 0 , 3 , 5 , 0 , 0 , 2 , 0 , 0 , 0 
Ionut Dumitru,Wing,romania,2021, 0 , 0 , 2 , 1 , 0 , 0 , 1 , 0 , 0 , 0 , 0 , 3 , 0 , 0 , 0 , 0 , 0 , 0 
Jason Tomane,Inside centre,romania,2021,,,,,,,,,,,,,,,,,,
Marius Simionescu,Fullback,romania,2021,,,,,,,,,,,,,,,,,,
Nicolas Onutu,Left Wing,romania,2021,,,,,,,,,,,,,,,,,,
Popa Vlad,Left Wing,romania,2021,,,,,,,,,,,,,,,,,,
Tudor Boldor,Wing,romania,2021,,,,,,,,,,,,,,,,,,
Tudor Butnariu,Fullback,romania,2021,,,,,,,,,,,,,,,,,,
Aaron Wainwright,Flanker 7,wales,2021, 0 , 0 , 104 , 46 , 3 , 1 , 19 , 2 , 2 , 0 , 0 , 61 , 9 , 4 , 6 , 5 , 0 , 0 
Adam Beard,Lock,wales,2021, 0 , 0 , 26 , 23 , 0 , 0 , 17 , 0 , 0 , 0 , 0 , 53 , 7 , 4 , 4 , 5 , 0 , 0 
Alun Wyn Jones,Lock,wales,2021, 0 , 0 , 11 , 23 , 0 , 0 , 7 , 0 , 1 , 0 , 0 , 64 , 10 , 2 , 2 , 6 , 0 , 0 
Ben Carter,Lock 4,wales,2021, 0 , 0 , 24 , 21 , 0 , 0 , 3 , 1 , 0 , 0 , 0 , 36 , 3 , 2 , 2 , 1 , 0 , 0 
Bradley Roberts,Hooker,wales,2021, 0 , 0 , 0 , 0 , 0 , 0 , 0 , 0 , 0 , 0 , 0 , 3 , 0 , 1 , 0 , 0 , 0 , 0 
Christ Tshiunza ,Lock,wales,2021, 0 , 0 , 0 , 0 , 0 , 0 , 0 , 0 , 0 , 0 , 0 , 8 , 0 , 0 , 0 , 1 , 0 , 0 
Dan Lydiate,Flanker 6,wales,2021, 0 , 0 , 0 , 0 , 0 , 0 , 0 , 0 , 0 , 0 , 0 , 6 , 0 , 0 , 0 , 0 , 0 , 0 
Dewi Lake,Hooker,wales,2021,,,,,,,,,,,,,,,,,,
Dillon Lewis,Prop,wales,2021, 0 , 0 , 21 , 22 , 0 , 0 , 12 , 0 , 0 , 0 , 0 , 28 , 2 , 2 , 1 , 2 , 1 , 0 
Ellis Jenkins,Openside Flanker,wales,2021, 0 , 0 , 31 , 17 , 1 , 2 , 16 , 3 , 0 , 0 , 0 , 25 , 2 , 6 , 1 , 2 , 0 , 0 
Gareth Thomas,Loosehead Prop,wales,2021, 0 , 0 , 18 , 11 , 1 , 0 , 2 , 0 , 0 , 0 , 0 , 29 , 3 , 1 , 0 , 5 , 1 , 0 
Jac Morgan,Flanker 7,wales,2021,,,,,,,,,,,,,,,,,,
James Ratti,Lock,wales,2021,,,,,,,,,,,,,,,,,,
Josh Navidi,Flanker 7,wales,2021, 5 , 1 , 4 , 20 , 0 , 0 , 19 , 2 , 0 , 0 , 0 , 57 , 5 , 2 , 4 , 4 , 0 , 0 
Leon Brown,Prop,wales,2021, 0 , 0 , 10 , 6 , 0 , 0 , 6 , 0 , 0 , 0 , 0 , 27 , 3 , 0 , 1 , 1 , 0 , 0 
Rhys Carre,Loosehead Prop,wales,2021, 0 , 0 , 4 , 7 , 0 , 0 , 4 , 0 , 0 , 0 , 0 , 17 , 5 , 1 , 1 , 3 , 1 , 0 
Ross Moriarty,Number 8,wales,2021, 0 , 0 , 40 , 23 , 4 , 1 , 11 , 3 , 0 , 0 , 0 , 49 , 6 , 2 , 1 , 2 , 0 , 0 
Ryan Elias,Hooker,wales,2021, 15 , 3 , 56 , 30 , 0 , 0 , 10 , 0 , 0 , 0 , 0 , 48 , 3 , 2 , 15 , 3 , 0 , 0 
Seb Davies,Lock,wales,2021, 0 , 0 , 20 , 14 , 0 , 0 , 2 , 1 , 0 , 0 , 0 , 32 , 2 , 0 , 3 , 1 , 0 , 0 
Taine Basham,Flanker 7,wales,2021, 10 , 2 , 77 , 38 , 3 , 2 , 8 , 1 , 0 , 0 , 0 , 71 , 10 , 7 , 10 , 6 , 0 , 0 
Taulupe Faletau,Flanker 7,wales,2021, 5 , 1 , 55 , 51 , 1 , 1 , 12 , 1 , 0 , 0 , 0 , 63 , 7 , 1 , 1 , 1 , 1 , 0 
Tomas Francis,Tighthead Prop,wales,2021, 0 , 0 , 10 , 11 , 0 , 0 , 4 , 0 , 0 , 0 , 0 , 60 , 13 , 0 , 0 , 9 , 0 , 0 
Tommy Reffell,Flanker 7,wales,2021,,,,,,,,,,,,,,,,,,
Will Rowlands,Lock,wales,2021, 10 , 2 , 62 , 43 , 0 , 1 , 8 , 2 , 0 , 0 , 0 , 67 , 6 , 3 , 1 , 3 , 0 , 0 
Wyn Jones,Prop,wales,2021, 5 , 1 , 49 , 36 , 0 , 0 , 15 , 0 , 0 , 0 , 0 , 48 , 8 , 2 , 5 , 8 , 0 , 0 
Alex Cuthbert,Wing,wales,2021, 5 , 1 , 15 , 6 , 0 , 0 , 1 , 0 , 0 , 0 , 0 , 5 , 2 , 0 , 1 , 0 , 0 , 0 
Callum Sheedy,Fly half,wales,2021, 48 , 1 , 24 , 9 , 6 , 4 , 78 , 2 , 14 , 14 , 5 , 22 , 9 , 1 , 5 , 2 , 0 , 0 
Dan Biggar,Fly half,wales,2021, 74 , 1 , 18 , 20 , 0 , 0 , 142 , 4 , 45 , 12 , 15 , 50 , 13 , 0 , 6 , 4 , 0 , 0 
Gareth Anscombe,Fly half,wales,2021, 6 , 0 , 6 , 5 , 0 , 0 , 19 , 1 , 4 , 0 , 2 , 6 , 2 , 0 , 2 , 0 , 0 , 0 
Gareth Davies,Scrum half,wales,2021, 0 , 0 , 6 , 7 , 0 , 1 , 192 , 2 , 25 , 0 , 0 , 14 , 12 , 0 , 2 , 2 , 0 , 0 
George North,Left Wing,wales,2021, 10 , 2 , 50 , 28 , 2 , 2 , 14 , 2 , 0 , 0 , 0 , 22 , 2 , 2 , 2 , 2 , 0 , 0 
Johnny McNicholl,Fullback,wales,2021, 0 , 0 , 55 , 27 , 2 , 0 , 12 , 4 , 3 , 0 , 0 , 6 , 3 , 1 , 3 , 1 , 0 , 0 
Jonathan Davies,Centre 13,wales,2021, 0 , 0 , 72 , 41 , 1 , 1 , 43 , 5 , 6 , 0 , 0 , 39 , 6 , 5 , 5 , 2 , 0 , 0 
Josh Adams,Wing,wales,2021, 10 , 2 , 53 , 34 , 3 , 1 , 17 , 3 , 9 , 0 , 0 , 22 , 6 , 2 , 4 , 1 , 0 , 0 
Kieran Hardy,Scrum half,wales,2021, 10 , 2 , 19 , 19 , 0 , 2 , 175 , 0 , 30 , 0 , 0 , 22 , 0 , 0 , 7 , 5 , 0 , 0 
Liam Williams,Wing,wales,2021, 20 , 4 , 102 , 45 , 6 , 2 , 32 , 5 , 12 , 0 , 0 , 15 , 7 , 2 , 7 , 2 , 1 , 0 
Louis Rees-Zammit,Wing,wales,2021, 25 , 5 , 170 , 31 , 5 , 6 , 15 , 5 , 12 , 0 , 0 , 28 , 9 , 2 , 7 , 2 , 0 , 0 
Nick Tompkins,Centre,wales,2021, 5 , 1 , 90 , 40 , 9 , 2 , 52 , 12 , 6 , 0 , 0 , 52 , 14 , 8 , 11 , 5 , 0 , 0 
Owen Watkin,Centre,wales,2021, 0 , 0 , 13 , 8 , 0 , 0 , 3 , 1 , 0 , 0 , 0 , 11 , 4 , 1 , 1 , 1 , 0 , 0 
Rhys Priestland,Fly half,wales,2021, 8 , 0 , 5 , 2 , 0 , 0 , 23 , 1 , 5 , 1 , 2 , 2 , 1 , 0 , 0 , 1 , 0 , 0 
Sam Wainwright,,wales,2021,,,,,,,,,,,,,,,,,,
Tomos Williams,Scrum half,wales,2021, 15 , 3 , 70 , 31 , 10 , 1 , 353 , 10 , 53 , 0 , 0 , 45 , 9 , 4 , 2 , 2 , 0 , 0 
Allan Alaalatoa,Prop,australia,2021, 5 , 1 , 35 , 24 , 0 , 0 , 14 , 1 , 0 , 0 , 0 , 48 , 5 , 2 , 2 , 6 , 1 , 0 
Darcy Swain,Lock,australia,2021, 0 , 0 , 15 , 14 , 0 , 0 , 10 , 3 , 0 , 0 , 0 , 26 , 4 , 6 , 3 , 6 , 0 , 0 
David Porecki,Hooker,australia,2021,,,,,,,,,,,,,,,,,,
Folau Fainga'a,Hooker,australia,2021, 10 , 2 , 48 , 21 , 1 , 0 , 46 , 6 , 0 , 0 , 0 , 54 , 4 , 3 , 12 , 5 , 1 , 0 
Fraser McReight,Flanker 7,australia,2021,,,,,,,,,,,,,,,,,,
Harry Wilson,Lock,australia,2021, 0 , 0 , 33 , 23 , 0 , 0 , 8 , 2 , 0 , 0 , 0 , 31 , 3 , 1 , 3 , 3 , 0 , 0 
James Slipper,Prop,australia,2021, 0 , 0 , 55 , 40 , 1 , 0 , 15 , 1 , 0 , 0 , 0 , 67 , 9 , 2 , 2 , 8 , 0 , 0 
Jed Holloway,Number 8,australia,2021,,,,,,,,,,,,,,,,,,
Matt Gibbon,Prop,australia,2021,,,,,,,,,,,,,,,,,,
Matt Philip,Lock,australia,2021, 0 , 0 , 77 , 50 , 2 , 0 , 24 , 3 , 0 , 0 , 0 , 46 , 8 , 2 , 4 , 11 , 1 , 0 
Michael Hooper,Openside Flanker,australia,2021, 10 , 2 , 121 , 58 , 5 , 3 , 79 , 5 , 2 , 0 , 0 , 118 , 11 , 16 , 6 , 13 , 1 , 0 
Ned Hanigan,Lock,australia,2021,,,,,,,,,,,,,,,,,,
Peter Samu,Flanker 7,australia,2021, 0 , 0 , 75 , 19 , 2 , 2 , 11 , 2 , 0 , 0 , 0 , 17 , 0 , 0 , 3 , 2 , 0 , 0 
Pone Fa'amausili,Prop,australia,2021,,,,,,,,,,,,,,,,,,
Rob Valetini,Flanker 6,australia,2021, 0 , 0 , 235 , 81 , 4 , 1 , 33 , 4 , 0 , 0 , 0 , 91 , 8 , 4 , 9 , 7 , 0 , 1 
Robert Leota,Flanker 7,australia,2021, 10 , 2 , 38 , 28 , 4 , 1 , 6 , 0 , 0 , 0 , 0 , 22 , 0 , 1 , 1 , 1 , 0 , 0 
Rory Arnold,Lock,australia,2021, 0 , 0 , 7 , 3 , 0 , 0 , 4 , 1 , 0 , 0 , 0 , 8 , 2 , 1 , 2 , 1 , 0 , 0 
Scott Sio,Prop,australia,2021, 0 , 0 , 0 , 0 , 0 , 0 , 2 , 0 , 0 , 0 , 0 , 0 , 0 , 0 , 0 , 0 , 0 , 0 
Taniela Tupou,Prop,australia,2021, 10 , 2 , 116 , 34 , 10 , 2 , 16 , 4 , 0 , 0 , 0 , 28 , 7 , 0 , 5 , 7 , 0 , 0 
Andrew Kellaway,Fullback,australia,2021, 40 , 8 , 165 , 52 , 15 , 4 , 27 , 6 , 16 , 0 , 0 , 33 , 6 , 1 , 7 , 5 , 0 , 0 
Angus Bell,,australia,2021, 0 , 0 , 76 , 51 , 2 , 0 , 19 , 3 , 0 , 0 , 0 , 31 , 0 , 0 , 2 , 12 , 1 , 0 
Bernard Foley,Fly half,australia,2021,,,,,,,,,,,,,,,,,,
Cadeyrn Neville,,australia,2021,,,,,,,,,,,,,,,,,,
Hunter Paisami,Centre,australia,2021, 0 , 0 , 209 , 57 , 9 , 5 , 37 , 6 , 7 , 0 , 0 , 33 , 5 , 3 , 14 , 5 , 0 , 0 
Irae Simone,Centre,australia,2021,,,,,,,,,,,,,,,,,,
Izaia Perese,Wing,australia,2021, 0 , 0 , 11 , 4 , 0 , 0 , 2 , 1 , 0 , 0 , 0 , 5 , 1 , 0 , 2 , 0 , 0 , 0 
Jake Gordon,Scrum half,australia,2021, 5 , 1 , 18 , 10 , 0 , 0 , 139 , 4 , 9 , 0 , 0 , 17 , 3 , 1 , 4 , 1 , 0 , 0 
James O'Connor,Fullback,australia,2021, 38 , 0 , 58 , 20 , 4 , 0 , 55 , 1 , 20 , 4 , 10 , 17 , 3 , 0 , 3 , 2 , 0 , 0 
Jock Campbell,Wing,australia,2021,,,,,,,,,,,,,,,,,,
Jordan Petaia,Wing,australia,2021, 5 , 1 , 30 , 9 , 1 , 0 , 6 , 0 , 1 , 0 , 0 , 10 , 0 , 0 , 3 , 2 , 0 , 0 
Lachlan Lonergan,,australia,2021, 0 , 0 , 4 , 8 , 0 , 0 , 2 , 0 , 0 , 0 , 0 , 6 , 2 , 1 , 4 , 0 , 0 , 0 
Lalakai Foketi,Centre,australia,2021, 0 , 0 , 0 , 0 , 0 , 0 , 0 , 0 , 0 , 0 , 0 , 2 , 0 , 0 , 0 , 0 , 0 , 0 
Len Ikitau,Centre,australia,2021, 10 , 2 , 158 , 51 , 7 , 2 , 29 , 7 , 15 , 0 , 0 , 35 , 10 , 3 , 6 , 4 , 0 , 0 
Marika Koroibete,Wing,australia,2021, 10 , 2 , 301 , 60 , 20 , 5 , 29 , 4 , 3 , 0 , 0 , 21 , 7 , 1 , 9 , 5 , 0 , 1 
Nic White,Scrum half,australia,2021, 10 , 2 , 43 , 20 , 2 , 0 , 354 , 5 , 40 , 0 , 0 , 36 , 3 , 4 , 6 , 2 , 0 , 0 
Nick Frost,,australia,2021,,,,,,,,,,,,,,,,,,
Noah Lolesio,,australia,2021, 59 , 1 , 40 , 19 , 1 , 1 , 114 , 3 , 18 , 9 , 12 , 22 , 7 , 2 , 4 , 2 , 0 , 0 
Quade Cooper,Fly half,australia,2021, 54 , 0 , 24 , 17 , 4 , 0 , 70 , 6 , 27 , 9 , 12 , 31 , 5 , 1 , 5 , 3 , 0 , 0 
Reece Hodge,Fullback,australia,2021, 9 , 1 , 63 , 25 , 3 , 1 , 16 , 0 , 15 , 2 , 0 , 17 , 5 , 3 , 7 , 1 , 0 , 0 
Samu Kerevi,Centre,australia,2021, 10 , 2 , 186 , 60 , 17 , 7 , 43 , 13 , 3 , 0 , 0 , 18 , 2 , 2 , 3 , 2 , 0 , 0 
Suliasi Vunivalu,Right Wing,australia,2021,,,,,,,,,,,,,,,,,,
Tate McDermott,Scrum half,australia,2021, 12 , 2 , 108 , 34 , 9 , 4 , 328 , 3 , 25 , 1 , 0 , 14 , 4 , 0 , 6 , 3 , 0 , 0 
Thomas Banks,Fullback,australia,2021, 5 , 1 , 190 , 53 , 4 , 5 , 44 , 9 , 17 , 0 , 0 , 11 , 6 , 4 , 10 , 3 , 0 , 0 
Tom Wright,Centre,australia,2021, 5 , 1 , 69 , 30 , 5 , 1 , 18 , 3 , 6 , 0 , 0 , 22 , 4 , 5 , 9 , 3 , 1 , 0 
Albert Tuisue,Lock,fiji,2021, 5 , 1 , 16 , 19 , 0 , 0 , 4 , 1 , 0 , 0 , 0 , 21 , 3 , 1 , 0 , 4 , 1 , 0 
Alex Rogers,Prop,fiji,2021,,,,,,,,,,,,,,,,,,
Api Ratuniyarawa,Lock,fiji,2021, 0 , 0 , 2 , 2 , 0 , 0 , 1 , 0 , 0 , 0 , 0 , 15 , 2 , 0 , 1 , 3 , 0 , 0 
Donncha O'Callaghan,Lock,fiji,2021,,,,,,,,,,,,,,,,,,
Eroni Mawi,Prop,fiji,2021, 0 , 0 , 9 , 6 , 0 , 0 , 2 , 0 , 0 , 0 , 0 , 10 , 3 , 0 , 0 , 2 , 1 , 0 
Jacob Rowan,Flanker 7,fiji,2021,,,,,,,,,,,,,,,,,,
Johnny Dyer,Blindside Flanker,fiji,2021, 0 , 0 , 16 , 13 , 0 , 0 , 3 , 0 , 0 , 0 , 0 , 15 , 1 , 7 , 0 , 4 , 0 , 0 
Julian Salvi,Flanker 7,fiji,2021,,,,,,,,,,,,,,,,,,
Kitione Kamikamica,Lock,fiji,2021, 0 , 0 , 1 , 3 , 0 , 0 , 0 , 0 , 0 , 0 , 0 , 4 , 1 , 0 , 0 , 0 , 0 , 0 
Leone Nakarawa,Lock,fiji,2021, 0 , 0 , 24 , 20 , 1 , 0 , 6 , 6 , 0 , 0 , 0 , 12 , 3 , 0 , 4 , 3 , 1 , 0 
Mesulame Dolokoto,Hooker,fiji,2021, 0 , 0 , 2 , 2 , 0 , 0 , 1 , 0 , 0 , 0 , 0 , 1 , 1 , 1 , 1 , 0 , 0 , 0 
Paul Doran-Jones,Prop,fiji,2021,,,,,,,,,,,,,,,,,,
Peceli Yato,Number 8,fiji,2021, 0 , 0 , 38 , 10 , 2 , 1 , 3 , 0 , 0 , 0 , 0 , 14 , 1 , 0 , 7 , 0 , 0 , 0 
Peni Ravai,Prop,fiji,2021, 5 , 1 , 29 , 11 , 0 , 1 , 0 , 0 , 0 , 0 , 0 , 11 , 5 , 0 , 1 , 1 , 0 , 0 
Samuel Matavesi,Hooker,fiji,2021, 0 , 0 , 24 , 14 , 1 , 0 , 12 , 5 , 1 , 0 , 0 , 35 , 5 , 4 , 10 , 0 , 0 , 0 
Scott Lawson,Hooker,fiji,2021,,,,,,,,,,,,,,,,,,
Temo Mayanavanua,Lock,fiji,2021, 0 , 0 , 17 , 16 , 0 , 0 , 1 , 1 , 0 , 0 , 0 , 22 , 10 , 1 , 2 , 0 , 0 , 0 
Tevita Ratuva,Flanker 6,fiji,2021, 0 , 0 , 14 , 6 , 0 , 0 , 1 , 0 , 0 , 0 , 0 , 4 , 1 , 0 , 2 , 1 , 0 , 0 
Thomas Waldrom,Number 8,fiji,2021,,,,,,,,,,,,,,,,,,
Viliame Mata,Number 8,fiji,2021, 0 , 0 , 24 , 10 , 1 , 1 , 2 , 2 , 0 , 0 , 0 , 11 , 7 , 1 , 1 , 0 , 0 , 0 
Aminiasi Tuimaba,Fullback,fiji,2021, 0 , 0 , 12 , 3 , 0 , 0 , 0 , 0 , 0 , 0 , 0 , 1 , 0 , 0 , 0 , 0 , 0 , 0 
Apisai Naqalevu,Centre,fiji,2021, 0 , 0 , 9 , 2 , 0 , 0 , 0 , 0 , 0 , 0 , 0 , 2 , 4 , 0 , 0 , 0 , 0 , 0 
Ben Volavola,Fly half,fiji,2021, 27 , 0 , 13 , 5 , 1 , 0 , 21 , 0 , 24 , 3 , 7 , 11 , 6 , 2 , 5 , 2 , 0 , 0 
Eneriko Buliruarua,Wing,fiji,2021, 0 , 0 , 27 , 5 , 0 , 1 , 1 , 0 , 0 , 0 , 0 , 13 , 4 , 0 , 0 , 0 , 0 , 0 
Eroni Sau,Wing,fiji,2021, 0 , 0 , 31 , 6 , 0 , 1 , 1 , 0 , 1 , 0 , 0 , 7 , 2 , 0 , 0 , 2 , 0 , 1 
Frank Lomani,Scrum half,fiji,2021, 0 , 0 , 11 , 7 , 1 , 0 , 58 , 1 , 15 , 0 , 0 , 13 , 4 , 1 , 1 , 1 , 0 , 0 
Haereiti Hetet,,fiji,2021, 0 , 0 , 9 , 3 , 0 , 0 , 0 , 0 , 0 , 0 , 0 , 5 , 0 , 2 , 0 , 1 , 0 , 0 
Josua Tuisova,Wing,fiji,2021, 0 , 0 , 20 , 7 , 1 , 0 , 2 , 1 , 0 , 0 , 0 , 12 , 5 , 2 , 1 , 1 , 0 , 0 
Kini Murimurivalu,Fullback,fiji,2021, 0 , 0 , 15 , 6 , 2 , 0 , 4 , 0 , 3 , 0 , 0 , 2 , 4 , 1 , 3 , 3 , 1 , 0 
Lee-Roy Atalifo,,fiji,2021, 0 , 0 , 6 , 6 , 0 , 0 , 4 , 1 , 0 , 0 , 0 , 7 , 3 , 1 , 0 , 2 , 0 , 0 
Levani Botia,Centre,fiji,2021, 0 , 0 , 6 , 4 , 0 , 0 , 2 , 0 , 0 , 0 , 0 , 10 , 2 , 4 , 2 , 2 , 0 , 0 
Manasa Mataele,Wing,fiji,2021, 0 , 0 , 1 , 2 , 0 , 0 , 0 , 0 , 0 , 0 , 0 , 5 , 3 , 0 , 0 , 0 , 0 , 0 
Martial Lagain,,fiji,2021,,,,,,,,,,,,,,,,,,
MasivesiDakuwaqa,,fiji,2021, 0 , 0 , 0 , 3 , 0 , 0 , 1 , 1 , 0 , 0 , 0 , 7 , 2 , 0 , 0 , 0 , 0 , 0 
Mesake Doge,,fiji,2021, 0 , 0 , 11 , 8 , 0 , 0 , 2 , 0 , 0 , 0 , 0 , 15 , 2 , 0 , 0 , 5 , 0 , 0 
Mesulame Kunavula,,fiji,2021, 5 , 1 , 14 , 10 , 1 , 0 , 2 , 0 , 0 , 0 , 0 , 22 , 6 , 1 , 1 , 1 , 0 , 0 
Moses Sorovi,Scrum Half,fiji,2021, 0 , 0 , 0 , 0 , 0 , 0 , 10 , 0 , 2 , 0 , 0 , 4 , 1 , 0 , 0 , 0 , 0 , 0 
Nemani Nadolo,Left Wing,fiji,2021, 0 , 0 , 6 , 4 , 0 , 0 , 4 , 2 , 3 , 0 , 0 , 2 , 2 , 0 , 2 , 1 , 0 , 0 
Neville Edwards,Wing,fiji,2021,,,,,,,,,,,,,,,,,,
Nikola Matawalu,Left Wing,england,2021,,,,,,,,,,,,,,,,,,
Onisi Ratave,Right Wing,fiji,2021,,,,,,,,,,,,,,,,,,
Peniami Narisia,Centre,fiji,2021, 0 , 0 , 0 , 0 , 0 , 0 , 0 , 0 , 0 , 0 , 0 , 1 , 1 , 0 , 1 , 0 , 0 , 0 
Setariki Tuicuvu,Fullback,fiji,2021, 0 , 0 , 32 , 10 , 3 , 0 , 18 , 4 , 2 , 0 , 0 , 10 , 2 , 0 , 1 , 1 , 0 , 0 
Simione Kuruvoli,Scrum Half,fiji,2021, 0 , 0 , 5 , 2 , 2 , 0 , 44 , 0 , 2 , 0 , 0 , 2 , 1 , 0 , 3 , 0 , 0 , 0 
Teti Tela,Fly half,fiji,2021, 0 , 0 , 2 , 2 , 0 , 0 , 2 , 0 , 0 , 0 , 0 , 2 , 0 , 0 , 1 , 0 , 0 , 0 
Vilimoni Botitu,Inside centre,fiji,2021, 0 , 0 , 3 , 2 , 0 , 0 , 2 , 0 , 0 , 0 , 0 , 8 , 1 , 0 , 0 , 2 , 0 , 0 
Vinaya Habosi,Left Wing,fiji,2021,,,,,,,,,,,,,,,,,,
Waisea Nayacalevu,Centre,fiji,2021, 10 , 2 , 29 , 10 , 0 , 1 , 4 , 1 , 1 , 0 , 0 , 31 , 11 , 4 , 4 , 1 , 0 , 0 
Zuriel Togiatama,,fiji,2021, 0 , 0 , 3 , 1 , 0 , 0 , 0 , 0 , 0 , 0 , 0 , 1 , 0 , 0 , 0 , 0 , 0 , 0 
Beka Gigashvili,Hooker,georgia,2021, 0 , 0 , 7 , 4 , 0 , 0 , 1 , 0 , 0 , 0 , 0 , 3 , 2 , 1 , 0 , 0 , 0 , 0 
Giorgi Tsutskiridze,Blindside flanker,georgia,2021,,,,,,,,,,,,,,,,,,
Guram Gogichashvili,Prop,georgia,2021, 0 , 0 , 11 , 9 , 0 , 0 , 1 , 0 , 0 , 0 , 0 , 17 , 1 , 0 , 2 , 2 , 0 , 0 
Lasha Jaiani,Lock 4,georgia,2021,,,,,,,,,,,,,,,,,,
Lasha Lomidze,Flanker 6,georgia,2021,,,,,,,,,,,,,,,,,,
Mikheil Nariashvili,Prop,georgia,2021,,,,,,,,,,,,,,,,,,
Nikoloz Khatiashvili,Prop,georgia,2021, 0 , 0 , 1 , 1 , 0 , 0 , 0 , 0 , 0 , 0 , 0 , 4 , 0 , 0 , 0 , 2 , 0 , 0 
Nodar Tcheishvili,Lock,georgia,2021, 0 , 0 , 0 , 0 , 0 , 0 , 2 , 0 , 0 , 0 , 0 , 11 , 0 , 0 , 1 , 0 , 0 , 0 
Otar Giorgadze,Flanker 7,georgia,2021,,,,,,,,,,,,,,,,,,
Sandro Mamamtavrishvili,Openside flanker,georgia,2021,,,,,,,,,,,,,,,,,,
Shalva Mamukashvili,Hooker,georgia,2021, 0 , 0 , 8 , 4 , 0 , 0 , 1 , 0 , 0 , 0 , 0 , 3 , 2 , 0 , 3 , 2 , 0 , 0 
Tornike Jalagonia,Number 8,georgia,2021, 0 , 0 , 18 , 7 , 2 , 0 , 0 , 0 , 0 , 0 , 0 , 17 , 0 , 1 , 0 , 0 , 0 , 0 
Akaki Tabutsadze,Right Wing,georgia,2021, 5 , 1 , 28 , 8 , 0 , 1 , 3 , 1 , 0 , 0 , 0 , 12 , 2 , 1 , 3 , 1 , 0 , 0 
Davit Meskhi,,georgia,2021,,,,,,,,,,,,,,,,,,
Deme Tapladze,Fullback,georgia,2021, 0 , 0 , 1 , 1 , 0 , 0 , 2 , 0 , 0 , 0 , 0 , 12 , 1 , 0 , 0 , 0 , 0 , 0 
Gela Aprasidze,Scrum half,georgia,2021, 0 , 0 , 0 , 1 , 0 , 0 , 5 , 0 , 3 , 0 , 0 , 6 , 0 , 0 , 0 , 1 , 0 , 0 
Giorgi Babunashvili,Fly Half,georgia,2021, 0 , 0 , -1 , 1 , 0 , 0 , 0 , 0 , 0 , 0 , 0 , 3 , 1 , 0 , 0 , 0 , 0 , 0 
Giorgi Chkoidze,,georgia,2021, 0 , 0 , 3 , 2 , 0 , 0 , 0 , 0 , 0 , 0 , 0 , 12 , 2 , 1 , 2 , 0 , 0 , 0 
Giorgi Javakhia,Fullback,georgia,2021, 0 , 0 , 1 , 1 , 0 , 0 , 0 , 0 , 0 , 0 , 0 , 1 , 2 , 0 , 1 , 1 , 0 , 0 
Grigor Kerdikoshvili,Fullback,georgia,2021, 0 , 0 , 13 , 5 , 0 , 0 , 3 , 1 , 0 , 0 , 0 , 12 , 3 , 0 , 0 , 2 , 0 , 0 
Lasha Khmaladze,Fly half,georgia,2021, 0 , 0 , 2 , 1 , 2 , 0 , 0 , 0 , 0 , 0 , 0 , 4 , 0 , 0 , 0 , 0 , 0 , 0 
Luka Japaridze,,georgia,2021, 0 , 0 , 7 , 4 , 0 , 0 , 0 , 0 , 0 , 0 , 0 , 17 , 1 , 1 , 0 , 2 , 0 , 0 
Luka Nioradze,Fullback,georgia,2021,,,,,,,,,,,,,,,,,,
Merab Sharikadze,Centre 12,georgia,2021, 0 , 0 , 51 , 12 , 2 , 0 , 4 , 0 , 0 , 0 , 0 , 25 , 3 , 2 , 1 , 1 , 0 , 0 
Miriani Modebadze,Wing,georgia,2021,,,,,,,,,,,,,,,,,,
Niko Aptsiauri,Fullback,georgia,2021,,,,,,,,,,,,,,,,,,
Tedo Abzhandadze,Fly half,georgia,2021, 11 , 0 , 2 , 2 , 0 , 0 , 19 , 0 , 9 , 1 , 3 , 10 , 3 , 0 , 1 , 1 , 1 , 0 
Tornike Kakhoidze,Fullback,georgia,2021,,,,,,,,,,,,,,,,,,
Vano Karkadze,,georgia,2021,,,,,,,,,,,,,,,,,,
Vasil Lobzhanidze,Scrum half,georgia,2021, 5 , 1 , 27 , 5 , 0 , 1 , 75 , 1 , 17 , 0 , 0 , 13 , 6 , 0 , 1 , 2 , 0 , 0 
Alex Dombrandt,Blindside Flanker,england,2021, 0 , 0 , 36 , 16 , 0 , 1 , 10 , 3 , 0 , 0 , 0 , 20 , 1 , 1 , 5 , 3 , 0 , 0 
Alfie Barbeary,Blindside Flanker,england,2021,,,,,,,,,,,,,,,,,,
Bevan Rodd,Prop,england,2021, 0 , 0 , 10 , 7 , 2 , 0 , 1 , 1 , 0 , 0 , 0 , 6 , 2 , 0 , 1 , 3 , 0 , 0 
Billy Vunipola,Number 8,england,2021, 0 , 0 , 105 , 42 , 2 , 0 , 12 , 4 , 0 , 0 , 0 , 41 , 3 , 1 , 3 , 3 , 1 , 0 
Charlie Ewels,Lock,england,2021, 0 , 0 , 36 , 18 , 0 , 0 , 6 , 1 , 0 , 0 , 0 , 35 , 5 , 1 , 5 , 7 , 0 , 0 
Courtney Lawes,Flanker 6,england,2021, 0 , 0 , 31 , 19 , 0 , 0 , 14 , 4 , 0 , 0 , 0 , 35 , 3 , 3 , 3 , 3 , 0 , 0 
Ellis Genge,Prop,england,2021, 5 , 1 , 103 , 44 , 2 , 2 , 13 , 5 , 0 , 0 , 0 , 41 , 7 , 0 , 4 , 8 , 0 , 0 
Jack Willis,Number 8,england,2021, 5 , 1 , 2 , 2 , 0 , 0 , 0 , 0 , 0 , 0 , 0 , 1 , 0 , 0 , 0 , 1 , 0 , 0 
Jamie Blamire,Hooker,england,2021, 20 , 4 , 26 , 14 , 1 , 0 , 1 , 0 , 0 , 0 , 0 , 17 , 1 , 1 , 4 , 0 , 0 , 0 
Jamie George,Hooker,england,2021, 12 , 3 , 23 , 15 , 0 , 1 , 10 , 3 , 0 , 1 , 0 , 36 , 2 , 0 , 4 , 0 , 0 , 0 
Joe Heyes,Tighthead Prop,england,2021, 0 , 0 , 5 , 2 , 0 , 0 , 0 , 0 , 0 , 0 , 0 , 17 , 1 , 2 , 0 , 2 , 0 , 0 
Joe Marler,Prop,england,2021, 0 , 0 , 1 , 4 , 0 , 0 , 1 , 0 , 0 , 0 , 0 , 6 , 0 , 1 , 0 , 0 , 0 , 0 
Jonny Hill,Lock,england,2021, 5 , 1 , 37 , 17 , 0 , 0 , 6 , 0 , 0 , 0 , 0 , 52 , 10 , 5 , 1 , 6 , 0 , 0 
Kyle Sinckler,Tighthead Prop,england,2021, 0 , 0 , 72 , 46 , 0 , 0 , 26 , 1 , 0 , 0 , 0 , 38 , 3 , 1 , 4 , 9 , 0 , 0 
Lewis Ludlam,Openside Flanker,england,2021, 0 , 0 , 14 , 5 , 0 , 0 , 2 , 0 , 0 , 0 , 0 , 11 , 1 , 4 , 1 , 2 , 0 , 0 
Luke Cowan-Dickie,Hooker,england,2021, 0 , 0 , 41 , 22 , 1 , 1 , 5 , 1 , 0 , 0 , 0 , 19 , 2 , 0 , 2 , 1 , 0 , 0 
Mako Vunipola,Prop,england,2021, 0 , 0 , 38 , 17 , 1 , 0 , 5 , 1 , 0 , 0 , 0 , 25 , 3 , 2 , 2 , 8 , 0 , 0 
Maro Itoje,Lock 4,england,2021, 10 , 2 , 69 , 43 , 3 , 0 , 22 , 2 , 0 , 0 , 0 , 66 , 14 , 9 , 10 , 13 , 0 , 0 
Nic Dolly,Lock,england,2021, 0 , 0 , 0 , 0 , 0 , 0 , 0 , 0 , 0 , 0 , 0 , 4 , 1 , 1 , 2 , 0 , 0 , 0 
Nick Isiekwe,Lock,england,2021,,,,,,,,,,,,,,,,,,
Oliver Chessum,Blindside flanker,england,2021,,,,,,,,,,,,,,,,,,
Sam Simmonds,Number 8,england,2021, 0 , 0 , 0 , 1 , 0 , 0 , 3 , 1 , 0 , 0 , 0 , 1 , 1 , 1 , 0 , 0 , 0 , 0 
Sam Underhill,Flanker 7,england,2021, 5 , 1 , 38 , 17 , 1 , 0 , 6 , 1 , 0 , 0 , 0 , 40 , 10 , 3 , 2 , 3 , 0 , 0 
Tom Curry,Flanker 7,england,2021, 0 , 0 , 120 , 60 , 6 , 1 , 27 , 1 , 0 , 0 , 0 , 104 , 16 , 5 , 7 , 5 , 0 , 0 
Will Stuart,Tighthead Prop,england,2021, 0 , 0 , 15 , 11 , 0 , 0 , 4 , 0 , 0 , 0 , 0 , 21 , 0 , 0 , 1 , 3 , 1 , 0 
Adam Radwan,Left Wing,england,2021, 20 , 4 , 134 , 16 , 9 , 2 , 9 , 1 , 3 , 0 , 0 , 5 , 1 , 0 , 0 , 1 , 0 , 0 
Ben Youngs,Scrum half,england,2021, 20 , 4 , 52 , 15 , 1 , 3 , 329 , 3 , 64 , 0 , 0 , 16 , 9 , 1 , 5 , 0 , 0 , 0 
Danny Care,Scrum half,england,2021,,,,,,,,,,,,,,,,,,
Elliot Daly,Centre,england,2021, 7 , 1 , 125 , 36 , 16 , 3 , 26 , 4 , 15 , 1 , 0 , 7 , 5 , 0 , 5 , 3 , 0 , 0 
Freddie Steward,Wing,england,2021, 12 , 2 , 114 , 45 , 7 , 1 , 28 , 6 , 12 , 1 , 0 , 6 , 5 , 0 , 8 , 0 , 0 , 0 
George Ford,Fly half,england,2021, 0 , 0 , 24 , 10 , 2 , 0 , 81 , 1 , 30 , 0 , 0 , 18 , 4 , 1 , 4 , 0 , 0 , 0 
George Furbank,Fullback,england,2021, 0 , 0 , 37 , 5 , 2 , 1 , 18 , 3 , 3 , 0 , 0 , 9 , 2 , 0 , 3 , 0 , 0 , 0 
Guy Porter,,england,2021,,,,,,,,,,,,,,,,,,
Harry Randall,Scrum half,england,2021, 5 , 1 , 8 , 5 , 1 , 1 , 89 , 2 , 18 , 0 , 0 , 10 , 1 , 0 , 1 , 1 , 0 , 0 
Henry Arundell,Fullback,england,2021,,,,,,,,,,,,,,,,,,
Henry Slade,Centre,england,2021, 2 , 0 , 135 , 53 , 5 , 3 , 59 , 8 , 14 , 1 , 0 , 44 , 13 , 1 , 9 , 2 , 0 , 0 
Jack Nowell,Wing,england,2021,,,,,,,,,,,,,,,,,,
Jack Van Poortvliet,,england,2021,,,,,,,,,,,,,,,,,,
Joe Cokanasiga,Wing,england,2021, 20 , 4 , 73 , 17 , 2 , 1 , 5 , 3 , 0 , 0 , 0 , 10 , 3 , 2 , 3 , 1 , 0 , 0 
Joe Marchant,Centre,england,2021, 0 , 0 , 29 , 8 , 4 , 1 , 3 , 1 , 0 , 0 , 0 , 10 , 0 , 0 , 1 , 1 , 0 , 0 
Joel Conlon,Left Wing,england,2021,,,,,,,,,,,,,,,,,,
Luke Northmore,Centre 13,england,2021,,,,,,,,,,,,,,,,,,
Manu Tuilagi,Centre 13,england,2021, 5 , 1 , 79 , 13 , 0 , 3 , 2 , 1 , 0 , 0 , 0 , 11 , 2 , 2 , 3 , 0 , 0 , 0 
Marcus Smith,Fly half,england,2021, 59 , 3 , 50 , 17 , 5 , 3 , 98 , 5 , 19 , 20 , 3 , 28 , 2 , 0 , 5 , 3 , 0 , 0 
Mark Atkinson,Centre 12,england,2021, 0 , 0 , 10 , 5 , 1 , 0 , 2 , 0 , 0 , 0 , 0 , 1 , 0 , 0 , 1 , 0 , 0 , 0 
Max Malins,Fly half,england,2021, 0 , 0 , 105 , 12 , 1 , 1 , 9 , 4 , 4 , 0 , 0 , 5 , 0 , 0 , 2 , 2 , 0 , 0 
Ollie Hassell-Collins,Wing,england,2021,,,,,,,,,,,,,,,,,,
Orlando Bailey,Fly Half,england,2021,,,,,,,,,,,,,,,,,,
Owen Farrell,Fly Half,england,2021, 67 , 0 , 68 , 26 , 0 , 0 , 67 , 3 , 19 , 8 , 17 , 39 , 8 , 1 , 4 , 3 , 0 , 0 
Rafi Quirke,Scrum Half,england,2021, 5 , 1 , 25 , 1 , 0 , 0 , 11 , 0 , 4 , 0 , 0 , 5 , 1 , 0 , 0 , 0 , 0 , 0 
Tommy Freeman,Fullback,england,2021,,,,,,,,,,,,,,,,,,
Will Joseph,Fullback,england,2021,,,,,,,,,,,,,,,,,,
Asaeli Ai Valu,Prop,japan,2021, 0 , 0 , 21 , 17 , 2 , 0 , 10 , 1 , 0 , 0 , 0 , 14 , 2 , 0 , 3 , 3 , 0 , 0 
Atsushi Sakate,Hooker,japan,2021, 0 , 0 , 28 , 23 , 0 , 0 , 15 , 0 , 0 , 0 , 0 , 49 , 6 , 1 , 10 , 2 , 1 , 0 
Ben Gunter,Flanker 6,japan,2021, 0 , 0 , 3 , 3 , 0 , 0 , 2 , 0 , 0 , 0 , 0 , 13 , 0 , 1 , 0 , 3 , 0 , 0 
Craig Millar,Prop,japan,2021, 0 , 0 , 35 , 22 , 0 , 0 , 8 , 0 , 0 , 0 , 0 , 17 , 1 , 0 , 3 , 3 , 0 , 0 
Jack Cornelsen,Lock 4,japan,2021, 0 , 0 , 30 , 15 , 0 , 0 , 5 , 1 , 0 , 0 , 0 , 28 , 0 , 0 , 1 , 4 , 0 , 0 
Jiwon Koo,Prop,japan,2021, 0 , 0 , 8 , 6 , 0 , 0 , 1 , 0 , 0 , 0 , 0 , 28 , 1 , 1 , 0 , 6 , 0 , 0 
Kazuki Himeno,Flanker 7,japan,2021, 5 , 1 , 56 , 31 , 1 , 0 , 9 , 4 , 0 , 0 , 0 , 46 , 4 , 5 , 3 , 2 , 0 , 0 
Keita Inagaki,Prop,japan,2021, 0 , 0 , 16 , 16 , 0 , 0 , 7 , 0 , 0 , 0 , 0 , 42 , 3 , 1 , 5 , 3 , 0 , 0 
Michael Leitch,Number 8,japan,2021, 5 , 1 , 14 , 11 , 0 , 0 , 7 , 0 , 0 , 0 , 0 , 31 , 1 , 2 , 1 , 4 , 0 , 0 
Sanaila Waqa,Lock 5,japan,2021,,,,,,,,,,,,,,,,,,
Shinnosuke Kakinaga,Tighthead Prop,japan,2021, 0 , 0 , 0 , 1 , 0 , 0 , 0 , 0 , 0 , 0 , 0 , 3 , 0 , 1 , 1 , 0 , 0 , 0 
Shota Horie,Hooker,japan,2021,,,,,,,,,,,,,,,,,,
Takeshi Hino,Hooker,japan,2021,,,,,,,,,,,,,,,,,,
Wimpie van der Walt,Lock,japan,2021, 0 , 0 , 22 , 11 , 0 , 0 , 4 , 0 , 0 , 0 , 0 , 14 , 1 , 0 , 0 , 1 , 0 , 0 
Daiki Nakajima,Fullback,japan,2021,,,,,,,,,,,,,,,,,,
Dylan Riley,Fullback,japan,2021, 0 , 0 , 16 , 7 , 3 , 1 , 3 , 1 , 1 , 0 , 0 , 9 , 2 , 1 , 6 , 1 , 0 , 0 
Faulua Makisi,Fullback,japan,2021,,,,,,,,,,,,,,,,,,
Gerhard van den Heever,Fullback,japan,2021,,,,,,,,,,,,,,,,,,
Kaito Shigeno,Scrum half,japan,2021, 0 , 0 , 6 , 1 , 0 , 0 , 70 , 0 , 1 , 0 , 0 , 3 , 2 , 0 , 0 , 0 , 0 , 0 
Kanji Shimokawa,Fullback,japan,2021,,,,,,,,,,,,,,,,,,
Kotaro Matsushima,Fullback,japan,2021, 0 , 0 , 172 , 41 , 7 , 3 , 12 , 5 , 2 , 0 , 0 , 18 , 6 , 2 , 6 , 3 , 0 , 0 
Lee Seung-Shin,Fullback,japan,2021,,,,,,,,,,,,,,,,,,
Lua Makisi ,Fullback,japan,2021,,,,,,,,,,,,,,,,,,
Naoto Saito,,japan,2021, 5 , 1 , 2 , 2 , 0 , 0 , 168 , 0 , 7 , 0 , 0 , 7 , 2 , 0 , 2 , 2 , 0 , 0 
Ryohei Yamanaka,Fly half,japan,2021, 0 , 0 , 35 , 13 , 3 , 0 , 18 , 0 , 4 , 0 , 0 , 4 , 2 , 0 , 4 , 2 , 0 , 0 
Ryoto Nakamura,Centre,japan,2021, 5 , 1 , 88 , 27 , 1 , 1 , 60 , 6 , 7 , 0 , 0 , 39 , 5 , 3 , 5 , 2 , 0 , 0 
Ryuga Hashimoto,,japan,2021,,,,,,,,,,,,,,,,,,
Shane Gates,Centre,japan,2021, 0 , 0 , 2 , 2 , 0 , 0 , 0 , 0 , 0 , 0 , 0 , 1 , 0 , 0 , 1 , 1 , 0 , 0 
Shogo Nakano,,japan,2021, 0 , 0 , 40 , 6 , 1 , 1 , 1 , 1 , 0 , 0 , 0 , 2 , 1 , 1 , 1 , 0 , 0 , 0 
Shuhei Takeuchi,Fullback,japan,2021,,,,,,,,,,,,,,,,,,
Siosaia Fifita,,japan,2021, 10 , 2 , 130 , 38 , 4 , 0 , 7 , 1 , 3 , 0 , 0 , 32 , 10 , 2 , 7 , 2 , 0 , 0 
Taichi Takahashi,Fullback,japan,2021,,,,,,,,,,,,,,,,,,
Takayasu Tsuji,Fullback,japan,2021,,,,,,,,,,,,,,,,,,
Takuya Yamasawa,Fly half,japan,2021,,,,,,,,,,,,,,,,,,
Tevita Tatafu,Fullback,japan,2021, 0 , 0 , 11 , 4 , 0 , 0 , 0 , 0 , 0 , 0 , 0 , 2 , 0 , 0 , 0 , 1 , 0 , 0 
Warner Dearns,Fullback,japan,2021,,,,,,,,,,,,,,,,,,
Yu Tamura,Fly half,japan,2021, 21 , 0 , 27 , 12 , 0 , 0 , 76 , 2 , 25 , 6 , 3 , 22 , 4 , 1 , 5 , 1 , 0 , 0 
Yukio Morikawa,Fullback,japan,2021,,,,,,,,,,,,,,,,,,
Yusuke Kizu,Fullback,japan,2021,,,,,,,,,,,,,,,,,,
Yutaka Nagare,Scrum half,japan,2021, 0 , 0 , 0 , 2 , 0 , 0 , 144 , 1 , 8 , 0 , 0 , 6 , 6 , 0 , 3 , 0 , 0 , 0 
Agustin Creevy, Hooker,argentina,2021,,,,,,,,,,,,,,,,,,
Eduardo Bello,Prop,argentina,2021, 0 , 0 , 7 , 5 , 0 , 0 , 1 , 0 , 0 , 0 , 0 , 8 , 1 , 0 , 0 , 1 , 0 , 0 
Facundo Isa,Flanker 6,argentina,2021, 0 , 0 , 146 , 50 , 6 , 3 , 19 , 3 , 1 , 0 , 0 , 57 , 10 , 2 , 8 , 9 , 0 , 0 
Francisco Gomez Kodela,Prop,argentina,2021, 0 , 0 , 42 , 24 , 0 , 0 , 11 , 1 , 0 , 0 , 0 , 41 , 5 , 0 , 2 , 4 , 0 , 0 
Guido Petti Pagadizaval,Lock,argentina,2021, 0 , 0 , 56 , 32 , 1 , 0 , 17 , 5 , 0 , 0 , 0 , 68 , 15 , 7 , 8 , 4 , 0 , 0 
Julian Montoya,Hooker,argentina,2021, 5 , 1 , 120 , 47 , 1 , 1 , 18 , 2 , 0 , 0 , 0 , 108 , 5 , 12 , 19 , 4 , 0 , 0 
Marcos Kremer,Flanker 6,argentina,2021, 5 , 1 , 117 , 72 , 2 , 0 , 12 , 0 , 0 , 0 , 0 , 112 , 25 , 3 , 8 , 8 , 2 , 0 
Matias Alemanno,Lock,argentina,2021, 0 , 0 , 22 , 19 , 0 , 0 , 3 , 1 , 0 , 0 , 0 , 44 , 2 , 3 , 2 , 1 , 0 , 0 
Mayco Vivas,Prop,argentina,2021,,,,,,,,,,,,,,,,,,
Nahuel Tetaz Chaparro,Prop,argentina,2021, 0 , 0 , 36 , 26 , 2 , 0 , 2 , 0 , 0 , 0 , 0 , 21 , 1 , 0 , 4 , 8 , 1 , 0 
Pablo Matera,Blindside Flanker,argentina,2021, 15 , 3 , 177 , 78 , 8 , 1 , 29 , 5 , 4 , 0 , 0 , 103 , 14 , 7 , 6 , 8 , 2 , 0 
Rodrigo Bruni,Number 8,argentina,2021, 5 , 1 , 130 , 42 , 5 , 2 , 19 , 3 , 0 , 0 , 0 , 56 , 7 , 6 , 5 , 8 , 1 , 0 
Santiago Socino,Hooker,argentina,2021, 0 , 0 , 4 , 4 , 0 , 0 , 2 , 0 , 0 , 0 , 0 , 2 , 1 , 1 , 1 , 0 , 0 , 0 
Tomas Lavanini,Lock,argentina,2021, 0 , 0 , 103 , 57 , 1 , 0 , 16 , 1 , 0 , 0 , 0 , 90 , 10 , 4 , 8 , 13 , 2 , 1 
Alexander Todua,Wing,argentina,2021, 10 , 2 , 11 , 12 , 0 , 0 , 2 , 1 , 0 , 0 , 0 , 27 , 3 , 0 , 2 , 5 , 0 , 0 
Bautista Delguy,Wing,argentina,2021, 0 , 0 , 48 , 28 , 3 , 0 , 4 , 2 , 4 , 0 , 0 , 13 , 7 , 3 , 3 , 0 , 0 , 0 
Benjamin Urdapilleta,Fly half,argentina,2021,,,,,,,,,,,,,,,,,,
Domingo Miotti,Fly half,argentina,2021, 5 , 0 , 4 , 2 , 0 , 0 , 27 , 0 , 7 , 1 , 1 , 11 , 3 , 0 , 3 , 4 , 0 , 0 
Emiliano Boffelli,Wing,argentina,2021, 34 , 1 , 67 , 26 , 1 , 2 , 26 , 5 , 20 , 7 , 5 , 24 , 2 , 0 , 3 , 1 , 0 , 0 
Felipe Ezcurra,Centre,argentina,2021, 0 , 0 , 3 , 1 , 0 , 0 , 77 , 0 , 6 , 0 , 0 , 5 , 0 , 0 , 0 , 0 , 0 , 0 
Gonzalo Bertranou,Scrum half,argentina,2021, 0 , 0 , 48 , 20 , 3 , 0 , 339 , 3 , 24 , 0 , 0 , 60 , 16 , 4 , 6 , 5 , 1 , 0 
Ignacio Ruiz,,argentina,2021,,,,,,,,,,,,,,,,,,
Jeronimo De La Fuente,Centre,argentina,2021, 5 , 1 , 90 , 42 , 2 , 1 , 37 , 3 , 5 , 0 , 0 , 61 , 9 , 3 , 8 , 3 , 0 , 0 
Joel Sclavi,,argentina,2021,,,,,,,,,,,,,,,,,,
Juan Cruz Mallia,Centre,argentina,2021, 2 , 0 , 51 , 27 , 4 , 0 , 33 , 2 , 21 , 1 , 0 , 15 , 4 , 1 , 3 , 3 , 0 , 1 
Juan Imhoff,Wing,argentina,2021, 0 , 0 , -6 , 3 , 0 , 0 , 1 , 1 , 0 , 0 , 0 , 1 , 0 , 0 , 2 , 0 , 0 , 0 
Juan Martin Gonzalez,,argentina,2021, 10 , 2 , 83 , 22 , 5 , 2 , 4 , 0 , 0 , 0 , 0 , 46 , 3 , 0 , 3 , 0 , 0 , 0 
Lautaro Bazan Velez,Scrum half,argentina,2021,,,,,,,,,,,,,,,,,,
Lucio Cinti,,argentina,2021, 0 , 0 , 62 , 22 , 3 , 0 , 15 , 3 , 1 , 0 , 0 , 32 , 10 , 1 , 6 , 2 , 0 , 0 
Matias Moroni,Centre,argentina,2021, 10 , 2 , 102 , 34 , 2 , 1 , 15 , 4 , 11 , 0 , 0 , 58 , 11 , 3 , 8 , 1 , 0 , 0 
Matias Orlando,Centre,argentina,2021,,,,,,,,,,,,,,,,,,
Nicolas Sanchez,Fly half,argentina,2021, 47 , 0 , 71 , 29 , 7 , 2 , 106 , 8 , 57 , 7 , 11 , 28 , 2 , 1 , 8 , 1 , 0 , 0 
Pedro Rubiolo,Fullback,argentina,2021,,,,,,,,,,,,,,,,,,
Santiago Carreras,Centre,argentina,2021, 3 , 0 , 201 , 60 , 17 , 2 , 85 , 8 , 79 , 0 , 1 , 28 , 16 , 1 , 14 , 5 , 0 , 0 
Santiago Cordero,Wing,argentina,2021, 10 , 2 , 82 , 24 , 11 , 4 , 10 , 2 , 6 , 0 , 0 , 15 , 5 , 1 , 9 , 2 , 0 , 0 
Santiago Grondona,,argentina,2021, 0 , 0 , 23 , 13 , 0 , 0 , 4 , 1 , 0 , 0 , 0 , 14 , 1 , 1 , 2 , 2 , 0 , 0 
Tomas Albornoz,,argentina,2021,,,,,,,,,,,,,,,,,,
Tomas Cubelli,Scrum half,argentina,2021, 10 , 2 , 26 , 18 , 0 , 0 , 334 , 4 , 30 , 0 , 0 , 44 , 11 , 3 , 5 , 3 , 0 , 0 
Abraham Papali'i,Number 8,samoa,2021,,,,,,,,,,,,,,,,,,
Aki Seiuli,Prop,samoa,2021,,,,,,,,,,,,,,,,,,
Alamanda Motuga,Openside Flanker,samoa,2021, 0 , 0 , 14 , 6 , 0 , 0 , 3 , 2 , 0 , 0 , 0 , 12 , 0 , 1 , 0 , 2 , 0 , 0 
Ally Hogg,Number 8,samoa,2021,,,,,,,,,,,,,,,,,,
Ben Nee Nee,Lock,samoa,2021, 0 , 0 , 8 , 3 , 0 , 0 , 2 , 0 , 0 , 0 , 0 , 6 , 0 , 2 , 1 , 2 , 0 , 0 
Filo Paulo,Lock,samoa,2021,,,,,,,,,,,,,,,,,,
Henry Stowers,Number 8,samoa,2021, 0 , 0 , 25 , 11 , 0 , 0 , 3 , 1 , 0 , 0 , 0 , 12 , 1 , 1 , 1 , 1 , 0 , 0 
JP Sauni,Blindside Flanker,samoa,2021, 0 , 0 , 4 , 3 , 0 , 0 , 0 , 0 , 0 , 0 , 0 , 0 , 0 , 0 , 0 , 0 , 0 , 0 
Jack Lam,Openside Flanker,samoa,2021, 0 , 0 , 2 , 4 , 0 , 0 , 1 , 0 , 0 , 0 , 0 , 4 , 1 , 1 , 0 , 0 , 0 , 0 
Joe Tekori,Lock,samoa,2021,,,,,,,,,,,,,,,,,,
John Ulugia,Hooker,samoa,2021,,,,,,,,,,,,,,,,,,
Jonah Aoina,Prop,samoa,2021, 0 , 0 , 6 , 2 , 0 , 0 , 0 , 0 , 0 , 0 , 0 , 1 , 1 , 0 , 2 , 0 , 0 , 0 
Kalolo Tuiloma,Prop,samoa,2021, 5 , 1 , 5 , 2 , 1 , 0 , 2 , 0 , 0 , 0 , 0 , 0 , 0 , 0 , 0 , 0 , 0 , 0 
Masalosalo Tutaia,Lock,samoa,2021,,,,,,,,,,,,,,,,,,
Michael Alaalatoa,Prop,samoa,2021, 0 , 0 , 12 , 7 , 0 , 0 , 3 , 1 , 0 , 0 , 0 , 14 , 3 , 1 , 1 , 2 , 0 , 0 
Michael Paterson,Lock,samoa,2021,,,,,,,,,,,,,,,,,,
Mikaele Tapili,Blindside flanker,samoa,2021,,,,,,,,,,,,,,,,,,
Naama Leleimalefaga,Prop,samoa,2021,,,,,,,,,,,,,,,,,,
Olajuwon Noa,Openside Flanker,samoa,2021, 0 , 0 , 9 , 3 , 0 , 0 , 3 , 1 , 0 , 0 , 0 , 10 , 0 , 1 , 2 , 1 , 0 , 0 
Paul Alo-Emile,Prop,samoa,2021,,,,,,,,,,,,,,,,,,
Ray Niuia,Hooker,samoa,2021, 0 , 0 , 11 , 5 , 0 , 0 , 1 , 0 , 0 , 0 , 0 , 8 , 1 , 1 , 3 , 0 , 0 , 0 
Sakaria Taulafo,Prop,samoa,2021,,,,,,,,,,,,,,,,,,
Sam Slade,Lock 5,samoa,2021, 0 , 0 , 9 , 4 , 0 , 0 , 3 , 0 , 0 , 0 , 0 , 8 , 0 , 1 , 0 , 2 , 0 , 0 
Seilala Lam,Hooker,samoa,2021,,,,,,,,,,,,,,,,,,
Senio Toleafoa,Lock,samoa,2021,,,,,,,,,,,,,,,,,,
TJ Ioane,Number 8,samoa,2021,,,,,,,,,,,,,,,,,,
Talalelei Gray,Number 8,samoa,2021,,,,,,,,,,,,,,,,,,
Theodore McFarland,Lock 4,samoa,2021, 0 , 0 , 10 , 2 , 1 , 0 , 1 , 1 , 0 , 0 , 0 , 2 , 0 , 0 , 1 , 0 , 0 , 0 
AJ Alatimu,Fullback,samoa,2021,,,,,,,,,,,,,,,,,,
Ahsee Tuala,Fullback,samoa,2021,,,,,,,,,,,,,,,,,,
Albert Onelei,Fullback,samoa,2021,,,,,,,,,,,,,,,,,,
Alex Luatua,Fullback,samoa,2021,,,,,,,,,,,,,,,,,,
Auvasa Falealii,Scrum Half,samoa,2021,,,,,,,,,,,,,,,,,,
Aviata Silago,Fullback,samoa,2021,,,,,,,,,,,,,,,,,,
D'Angelo Leuila,Fly Half,samoa,2021, 0 , 0 , 0 , 0 , 0 , 0 , 0 , 1 , 2 , 0 , 0 , 0 , 0 , 0 , 0 , 0 , 0 , 0 
Dwayne Polataivao,Scrum Half,samoa,2021, 0 , 0 , -1 , 1 , 0 , 0 , 8 , 0 , 0 , 0 , 0 , 0 , 0 , 0 , 0 , 0 , 0 , 0 
Ed Fidow,Wing,samoa,2021, 5 , 1 , 19 , 5 , 0 , 1 , 2 , 1 , 0 , 0 , 0 , 4 , 5 , 1 , 4 , 0 , 0 , 0 
Elijah Niko,Right wing,samoa,2021,,,,,,,,,,,,,,,,,,
Elisapeta Alofipo,Centre 12,samoa,2021,,,,,,,,,,,,,,,,,,
George Pisi,Centre,samoa,2021,,,,,,,,,,,,,,,,,,
Henry Taefu,Centre 12,samoa,2021, 17 , 0 , 9 , 5 , 2 , 0 , 1 , 1 , 1 , 4 , 3 , 5 , 1 , 1 , 0 , 0 , 0 , 0 
Jamie-Jerry Taulagi,Fullback,samoa,2021,,,,,,,,,,,,,,,,,,
Joe Perez,Right Wing,samoa,2021,,,,,,,,,,,,,,,,,,
John Vaili,Centre 13,samoa,2021,,,,,,,,,,,,,,,,,,
Jonathan Taumateine,Scrum Half,samoa,2021, 5 , 1 , 6 , 3 , 1 , 0 , 55 , 1 , 5 , 0 , 0 , 10 , 0 , 1 , 1 , 1 , 0 , 0 
Losi Filipo,Wing,samoa,2021, 0 , 0 , 3 , 1 , 1 , 0 , 0 , 0 , 0 , 0 , 0 , 1 , 0 , 0 , 0 , 0 , 0 , 0 
Mike Ellery,Wing,samoa,2021,,,,,,,,,,,,,,,,,,
Neria Fomai,Left Wing,samoa,2021, 0 , 0 , 16 , 3 , 3 , 1 , 6 , 2 , 0 , 0 , 0 , 3 , 0 , 0 , 0 , 0 , 0 , 0 
Nigel Hunt,Centre,samoa,2021,,,,,,,,,,,,,,,,,,
Opetera Peleseuma,Outside centre,samoa,2021,,,,,,,,,,,,,,,,,,
Reece Anapu,Fullback,samoa,2021,,,,,,,,,,,,,,,,,,
Rodney Yona,Centre 12,samoa,2021, 0 , 0 , 9 , 3 , 0 , 0 , 22 , 1 , 5 , 0 , 0 , 4 , 2 , 1 , 1 , 0 , 0 , 0 
Sinoti Sinoti,Wing,samoa,2021,,,,,,,,,,,,,,,,,,
Stacey Ili,Wing,samoa,2021, 5 , 1 , 23 , 7 , 2 , 0 , 0 , 0 , 2 , 0 , 0 , 7 , 1 , 0 , 0 , 0 , 0 , 0 
Taiso Silafai-Leaana,Centre,samoa,2021,,,,,,,,,,,,,,,,,,
Tam Uli Salelologa,Right Wing,samoa,2021,,,,,,,,,,,,,,,,,,
Tietie Tuimaga,,samoa,2021, 0 , 0 , 8 , 3 , 0 , 0 , 2 , 0 , 0 , 0 , 0 , 7 , 2 , 0 , 0 , 2 , 1 , 0 
Tom Heathcote,Fly half,samoa,2021,,,,,,,,,,,,,,,,,,
Tomasi Alosio,Fullback,samoa,2021, 0 , 0 , 15 , 4 , 0 , 0 , 5 , 1 , 6 , 0 , 0 , 4 , 0 , 0 , 3 , 0 , 0 , 0 
Winston Stanley,Centre,samoa,2021,,,,,,,,,,,,,,,,,,
 Jean Sousa,Lock 5,portugal,2021,,,,,,,,,,,,,,,,,,
Diogo Ferreira,Prop,portugal,2021,,,,,,,,,,,,,,,,,,
Duarte Diniz,Openside Flanker,portugal,2021,,,,,,,,,,,,,,,,,,
Duarte Torgal,Lock 4,portugal,2021,,,,,,,,,,,,,,,,,,
Francisco Fernades Moreira,Loose head prop,portugal,2021,,,,,,,,,,,,,,,,,,
Geoffrey Moise,Prop,portugal,2021,,,,,,,,,,,,,,,,,,
Joao Granate,Blindside Flanker,portugal,2021,,,,,,,,,,,,,,,,,,
Jose Madeira,Openside Flanker,portugal,2021,,,,,,,,,,,,,,,,,,
Lionel Campergue,Hooker,portugal,2021,,,,,,,,,,,,,,,,,,
Rafael Simoes,Lock 4,portugal,2021,,,,,,,,,,,,,,,,,,
Steevy Cerqueira,Lock,portugal,2021,,,,,,,,,,,,,,,,,,
Cody Thomas,Fullback,portugal,2021,,,,,,,,,,,,,,,,,,
David Wallis,Fullback,portugal,2021,,,,,,,,,,,,,,,,,,
James Verity-Amm,Wing,portugal,2021,,,,,,,,,,,,,,,,,,
Jeromino Portela,Fly Half,portugal,2021,,,,,,,,,,,,,,,,,,
Joao Mateus,Fullback,portugal,2021,,,,,,,,,,,,,,,,,,
Jorge Abecasis,Fly Half,portugal,2021,,,,,,,,,,,,,,,,,,
Jose Lima,Centre,portugal,2021,,,,,,,,,,,,,,,,,,
Manuel Cardoso Pinto,Fullback,portugal,2021,,,,,,,,,,,,,,,,,,
Pedro Bettencourt,Centre,portugal,2021,,,,,,,,,,,,,,,,,,
Pedro Lucas,Fullback,portugal,2021,,,,,,,,,,,,,,,,,,
Samuel Marques,Scrum half,portugal,2021,,,,,,,,,,,,,,,,,,
Simao Bento ,Fullback,portugal,2021,,,,,,,,,,,,,,,,,,
Thibault De Freitas,Fullback,portugal,2021,,,,,,,,,,,,,,,,,,
Tomas Appleton,Centre 12,portugal,2021,,,,,,,,,,,,,,,,,,
Vincent Pinto,Centre,portugal,2021,,,,,,,,,,,,,,,,,,
Andrew Quattrin,Hooker,canada,2021, 0 , 0 , 8 , 10 , 0 , 0 , 0 , 0 , 0 , 0 , 0 , 15 , 9 , 0 , 3 , 1 , 0 , 0 
Cole Keith,Prop,canada,2021, 0 , 0 , 2 , 3 , 0 , 0 , 3 , 0 , 0 , 0 , 0 , 7 , 2 , 1 , 0 , 1 , 0 , 0 
Conor Keys,Lock,canada,2021, 0 , 0 , 7 , 8 , 0 , 0 , 2 , 0 , 0 , 0 , 0 , 25 , 6 , 0 , 2 , 2 , 0 , 0 
Djustice Sears-Duru,Prop,canada,2021, 0 , 0 , 7 , 5 , 0 , 0 , 0 , 0 , 0 , 0 , 0 , 11 , 1 , 0 , 0 , 0 , 0 , 0 
Eric Howard,Hooker,canada,2021, 0 , 0 , 4 , 4 , 0 , 0 , 0 , 0 , 0 , 0 , 0 , 7 , 0 , 0 , 4 , 2 , 0 , 0 
Jake Ilnicki,Prop,canada,2021, 0 , 0 , -2 , 2 , 0 , 0 , 1 , 0 , 0 , 0 , 0 , 9 , 0 , 0 , 0 , 3 , 0 , 0 
Josh Larsen,Lock,canada,2021, 0 , 0 , 11 , 10 , 0 , 0 , 3 , 0 , 0 , 0 , 0 , 8 , 3 , 1 , 0 , 1 , 0 , 0 
Lucas Albornoz,Lock,canada,2021, 0 , 0 , 6 , 5 , 0 , 0 , 1 , 0 , 0 , 0 , 0 , 3 , 0 , 0 , 0 , 2 , 0 , 0 
Lucas Rumball,Flanker 6,canada,2021, 0 , 0 , 16 , 8 , 0 , 0 , 7 , 0 , 0 , 0 , 0 , 34 , 4 , 2 , 2 , 1 , 0 , 0 
Marc-Antoine Rallier,Hooker,canada,2021, 0 , 0 , 5 , 2 , 0 , 0 , 48 , 0 , 5 , 0 , 0 , 4 , 1 , 0 , 0 , 0 , 0 , 0 
ReeganO'Gorman,Blindside flanker,canada,2021, 0 , 0 , 1 , 2 , 0 , 0 , 2 , 0 , 0 , 0 , 0 , 11 , 4 , 0 , 1 , 2 , 1 , 0 
Siaki Vikilani,Number 8,canada,2021, 0 , 0 , 18 , 17 , 0 , 0 , 1 , 0 , 0 , 0 , 0 , 10 , 5 , 0 , 4 , 1 , 0 , 0 
Stephan Malan,Number 8,canada,2021,,,,,,,,,,,,,,,,,,
Ben LeSage,Centre,canada,2021, 0 , 0 , 13 , 13 , 0 , 1 , 7 , 0 , 2 , 0 , 0 , 22 , 5 , 1 , 3 , 4 , 0 , 0 
Cole Davis,Wing,canada,2021, 0 , 0 , 19 , 11 , 1 , 0 , 3 , 1 , 2 , 0 , 0 , 8 , 3 , 2 , 4 , 3 , 0 , 0 
Corey Thomas,,canada,2021, 0 , 0 , 7 , 5 , 0 , 0 , 2 , 1 , 0 , 0 , 0 , 6 , 1 , 0 , 0 , 1 , 0 , 0 
Donald Carson,Fullback,canada,2021, 0 , 0 , -2 , 2 , 0 , 0 , 0 , 0 , 0 , 0 , 0 , 4 , 0 , 1 , 1 , 0 , 0 , 0 
Ernst Stapelberg,Fly half,canada,2021,,,,,,,,,,,,,,,,,,
Gavin Mullin,Centre,canada,2021,,,,,,,,,,,,,,,,,,
JW Jonker,Centre,canada,2021,,,,,,,,,,,,,,,,,,
Kainoa Lloyd,Wing,canada,2021, 10 , 2 , 22 , 8 , 4 , 1 , 3 , 1 , 0 , 0 , 0 , 15 , 4 , 2 , 0 , 4 , 0 , 0 
LachlanKratz,Inside centre,canada,2021, 0 , 0 , 11 , 4 , 0 , 0 , 2 , 1 , 0 , 0 , 0 , 3 , 4 , 0 , 0 , 0 , 0 , 0 
LiamMurray,Fullback,canada,2021, 0 , 0 , 5 , 2 , 0 , 0 , 0 , 0 , 0 , 0 , 0 , 1 , 0 , 0 , 0 , 0 , 0 , 0 
Michael Smith,Fullback,canada,2021, 0 , 0 , 8 , 10 , 0 , 0 , 0 , 0 , 0 , 0 , 0 , 14 , 3 , 2 , 2 , 2 , 0 , 0 
Peter Nelson,Fly half,canada,2021, 6 , 0 , 8 , 5 , 4 , 0 , 27 , 0 , 12 , 3 , 0 , 15 , 6 , 1 , 1 , 1 , 0 , 0 
QuinnNgawati,Inside centre,canada,2021, 0 , 0 , 14 , 9 , 0 , 0 , 4 , 2 , 1 , 0 , 0 , 13 , 2 , 1 , 1 , 0 , 0 , 0 
Robert Povey,Fullback,canada,2021, 0 , 0 , 0 , 3 , 0 , 0 , 5 , 0 , 1 , 0 , 0 , 2 , 0 , 0 , 1 , 0 , 0 , 0 
Ross Braude,Scrum half,canada,2021, 5 , 1 , 8 , 7 , 2 , 0 , 58 , 0 , 9 , 0 , 0 , 6 , 5 , 0 , 0 , 0 , 0 , 0 
TylerRowland,Fullback,canada,2021, 0 , 0 , 0 , 2 , 0 , 0 , 0 , 0 , 0 , 0 , 0 , 4 , 0 , 0 , 0 , 0 , 0 , 0 
Billy Harmon,Openside Flanker,maori-all-blacks,2021,,,,,,,,,,,,,,,,,,
Caleb Delaney,Lock 5,maori-all-blacks,2021,,,,,,,,,,,,,,,,,,
Cameron Suafoa,Blindside Flanker,maori-all-blacks,2021,,,,,,,,,,,,,,,,,,
Cullen Grace,Lock 5,maori-all-blacks,2021,,,,,,,,,,,,,,,,,,
Isaia Walker-Leawere,Lock,maori-all-blacks,2021,,,,,,,,,,,,,,,,,,
Jermaine Ainsley,Prop,maori-all-blacks,2021,,,,,,,,,,,,,,,,,,
Josh Dickson,Lock,maori-all-blacks,2021,,,,,,,,,,,,,,,,,,
Kurt Eklund,Hooker,maori-all-blacks,2021,,,,,,,,,,,,,,,,,,
Leni Apisai,Hooker,maori-all-blacks,2021,,,,,,,,,,,,,,,,,,
Manaaki Selby-Rickit,Lock 5,maori-all-blacks,2021,,,,,,,,,,,,,,,,,,
Marcel Renata,Prop,maori-all-blacks,2021,,,,,,,,,,,,,,,,,,
Max Hicks,Blindside Flanker,maori-all-blacks,2021,,,,,,,,,,,,,,,,,,
Ollie Norris,Prop,maori-all-blacks,2021,,,,,,,,,,,,,,,,,,
Reed Prinsep,Blindside Flanker,maori-all-blacks,2021,,,,,,,,,,,,,,,,,,
TK Howden,Blindside Flanker,maori-all-blacks,2021,,,,,,,,,,,,,,,,,,
Tamaiti Williams,Tighthead Prop,maori-all-blacks,2021,,,,,,,,,,,,,,,,,,
Alex Nankivell,Centre,maori-all-blacks,2021,,,,,,,,,,,,,,,,,,
Bailyn Sullivan,Centre,maori-all-blacks,2021,,,,,,,,,,,,,,,,,,
Billy Proctor,Centre,maori-all-blacks,2021,,,,,,,,,,,,,,,,,,
Brad Weber,Scrum half,maori-all-blacks,2021,,,,,,,,,,,,,,,,,,
Connor Garden-Bachop,Fullback,maori-all-blacks,2021,,,,,,,,,,,,,,,,,,
Josh Ioane,Fly half,maori-all-blacks,2021,,,,,,,,,,,,,,,,,,
Josh Moorby,Fullback,maori-all-blacks,2021,,,,,,,,,,,,,,,,,,
Rameka Poihipi,Centre,maori-all-blacks,2021,,,,,,,,,,,,,,,,,,
Ruben Love,,maori-all-blacks,2021,,,,,,,,,,,,,,,,,,
Shaun Stevenson,Fullback,maori-all-blacks,2021,,,,,,,,,,,,,,,,,,
TJ Perenara,Scrum half,maori-all-blacks,2021,,,,,,,,,,,,,,,,,,
Tyrone Thompson,,maori-all-blacks,2021,,,,,,,,,,,,,,,,,,
Zarn Sullivan,Fullback,maori-all-blacks,2021,,,,,,,,,,,,,,,,,,
Andrew Darlington,Tighthead Prop,netherlands,2021,,,,,,,,,,,,,,,,,,
Christopher Van Leeuwen,Blindside Flanker,netherlands,2021,,,,,,,,,,,,,,,,,,
Dave Koelman,Number 8,netherlands,2021,,,,,,,,,,,,,,,,,,
Dennis Van Dijken,Lock 4,netherlands,2021,,,,,,,,,,,,,,,,,,
Dirk Danen,Blindside flanker,netherlands,2021, 0 , 0 , 1 , 1 , 0 , 0 , 0 , 0 , 0 , 0 , 0 , 1 , 0 , 0 , 0 , 0 , 0 , 0 
Hugo Langelaan,Loosehead Prop,netherlands,2021, 0 , 0 , 0 , 0 , 0 , 0 , 0 , 0 , 0 , 0 , 0 , 1 , 0 , 0 , 0 , 0 , 0 , 0 
Liam Stone,Openside flanker,netherlands,2021,,,,,,,,,,,,,,,,,,
Lodi Buijs,Tighthead Prop,netherlands,2021,,,,,,,,,,,,,,,,,,
Louis Bruinsma,Lock 5,netherlands,2021, 0 , 0 , 2 , 1 , 0 , 0 , 1 , 0 , 0 , 0 , 0 , 0 , 0 , 0 , 1 , 0 , 0 , 0 
Mark Darlington, Hooker,netherlands,2021,,,,,,,,,,,,,,,,,,
Mike Mbaud, Hooker,netherlands,2021,,,,,,,,,,,,,,,,,,
Robin Moenen,Loosehead Prop,netherlands,2021,,,,,,,,,,,,,,,,,,
Ross Bennie-Coulson, Hooker,netherlands,2021,,,,,,,,,,,,,,,,,,
Wolf Van Dijk,Openside Flanker,netherlands,2021, 0 , 0 , 4 , 1 , 0 , 0 , 2 , 1 , 0 , 0 , 0 , 1 , 0 , 0 , 0 , 0 , 0 , 0 
 Christopher Raymond,Fullback,netherlands,2021,,,,,,,,,,,,,,,,,,
Bart Wierenga,Centre 13,netherlands,2021,,,,,,,,,,,,,,,,,,
Caleb Korteweg,Fullback,netherlands,2021,,,,,,,,,,,,,,,,,,
Daan Van Der Avoird,Left Wing,netherlands,2021, 5 , 1 , 7 , 2 , 1 , 0 , 0 , 0 , 1 , 0 , 0 , 0 , 0 , 0 , 0 , 0 , 0 , 0 
David Weersma,Centre 12,netherlands,2021,,,,,,,,,,,,,,,,,,
Hugo Scholler,Fullback,netherlands,2021,,,,,,,,,,,,,,,,,,
Jade Plane,Fullback,netherlands,2021,,,,,,,,,,,,,,,,,,
Jim Boelrijk,Fullback,netherlands,2021, 0 , 0 , 0 , 0 , 0 , 0 , 2 , 0 , 1 , 0 , 0 , 0 , 0 , 0 , 0 , 1 , 0 , 0 
Jordy Hop,Left Wing,netherlands,2021,,,,,,,,,,,,,,,,,,
Jules Godefroy,Fullback,netherlands,2021,,,,,,,,,,,,,,,,,,
Mark Coebergh,Scrum half,netherlands,2021, 0 , 0 , 0 , 0 , 0 , 0 , 7 , 0 , 0 , 0 , 0 , 1 , 0 , 0 , 0 , 0 , 0 , 0 
Mees Van Oord,Fly Half,netherlands,2021,,,,,,,,,,,,,,,,,,
Oliva Sialau,Inside centre,netherlands,2021, 0 , 0 , 2 , 1 , 1 , 0 , 0 , 0 , 0 , 0 , 0 , 0 , 0 , 0 , 0 , 0 , 0 , 0 
Spike Salman,Fullback,netherlands,2021,,,,,,,,,,,,,,,,,,
Storm Carroll,Fullback,netherlands,2021,,,,,,,,,,,,,,,,,,
Te Campbell,Fullback,netherlands,2021, 0 , 0 , 0 , 0 , 0 , 0 , 1 , 0 , 0 , 0 , 0 , 0 , 0 , 0 , 0 , 0 , 0 , 0 
 Viktor Arkhip,Number 8,russia,2021,,,,,,,,,,,,,,,,,,
Artemy Gallo,Blindside flanker,russia,2021,,,,,,,,,,,,,,,,,,
Azamat Bitiev,Prop,russia,2021,,,,,,,,,,,,,,,,,,
Evgeny Mishechkin,Prop,russia,2021,,,,,,,,,,,,,,,,,,
German Silenko,Lock 4,russia,2021,,,,,,,,,,,,,,,,,,
Kirill Gotovtsev,Prop,russia,2021,,,,,,,,,,,,,,,,,,
Maksim Gargalyk,Lock 5,russia,2021,,,,,,,,,,,,,,,,,,
Nikita Vavilin,Number 8,russia,2021,,,,,,,,,,,,,,,,,,
Nikolai Kazalikashvili,Loose head prop,russia,2021,,,,,,,,,,,,,,,,,,
Victor Gresev,Number 8,russia,2021,,,,,,,,,,,,,,,,,,
Vitaly Zhivatov,Flanker 6,russia,2021,,,,,,,,,,,,,,,,,,
Vladimir Podrezov,Prop,russia,2021,,,,,,,,,,,,,,,,,,
Alexei Scherban,Scrum half,russia,2021,,,,,,,,,,,,,,,,,,
Andrei Karzanov,Left Wing,russia,2021,,,,,,,,,,,,,,,,,,
Anton Makarenko,Fullback,russia,2021,,,,,,,,,,,,,,,,,,
Daniil Semenov,Fullback,russia,2021,,,,,,,,,,,,,,,,,,
Danil Potikhanov,Wing,russia,2021,,,,,,,,,,,,,,,,,,
Dmitrii Gerasimov,,russia,2021,,,,,,,,,,,,,,,,,,
Dmitry Parkhomenko,Fullback,russia,2021,,,,,,,,,,,,,,,,,,
Dmitry Sukhin,Fullback,russia,2021,,,,,,,,,,,,,,,,,,
Efim Riabischuk,,russia,2021,,,,,,,,,,,,,,,,,,
German Davydov,Wing,russia,2021,,,,,,,,,,,,,,,,,,
JorisSegonds,,russia,2021,,,,,,,,,,,,,,,,,,
Nikoloz Narmania,Fullback,russia,2021,,,,,,,,,,,,,,,,,,
Ramil Gaisin,Fly half,russia,2021,,,,,,,,,,,,,,,,,,
Shamil Magomedov,,russia,2021,,,,,,,,,,,,,,,,,,
Vasily Artemyev,Fullback,russia,2021,,,,,,,,,,,,,,,,,,
Viktor Kononov,Wing,russia,2021,,,,,,,,,,,,,,,,,,
Vladimir Geraskin,Fullback,russia,2021,,,,,,,,,,,,,,,,,,
Carl Rimmer,Prop,south-africa-a,2021,,,,,,,,,,,,,,,,,,
Coenie Oosthuizen,Tighthead Prop,south-africa-a,2021, 0 , 0 , 3 , 4 , 0 , 0 , 0 , 0 , 0 , 0 , 0 , 7 , 0 , 0 , 0 , 1 , 0 , 0 
Franco Mostert,Lock,south-africa-a,2021, 0 , 0 , 4 , 4 , 0 , 0 , 1 , 0 , 0 , 0 , 0 , 14 , 3 , 2 , 2 , 3 , 0 , 0 
Jean-Luc du Preez,Number 8,south-africa-a,2021, 0 , 0 , 9 , 7 , 0 , 0 , 2 , 1 , 0 , 0 , 0 , 9 , 2 , 0 , 2 , 0 , 0 , 0 
Marco van Staden,Blindside Flanker,south-africa-a,2021, 0 , 0 , 17 , 8 , 0 , 0 , 0 , 0 , 0 , 0 , 0 , 25 , 0 , 2 , 0 , 2 , 1 , 0 
Nicolaas Janse van Rensburg,Lock 4,south-africa-a,2021, 0 , 0 , 14 , 11 , 0 , 0 , 1 , 1 , 0 , 0 , 0 , 16 , 2 , 4 , 2 , 0 , 0 , 0 
Wilco Louw,Prop,south-africa-a,2021, 0 , 0 , 2 , 2 , 0 , 0 , 0 , 0 , 0 , 0 , 0 , 2 , 0 , 0 , 0 , 0 , 0 , 0 
Morne Steyn,Fly Half,south-africa-a,2021, 7 , 0 , 8 , 2 , 0 , 0 , 3 , 0 , 13 , 2 , 1 , 6 , 0 , 0 , 2 , 0 , 0 , 0 
Peni Tagive,Wing,south-africa-a,2021,,,,,,,,,,,,,,,,,,
Rosko Speckman,Left Wing,south-africa-a,2021, 0 , 0 , 13 , 5 , 2 , 2 , 4 , 0 , 0 , 0 , 0 , 6 , 2 , 0 , 0 , 0 , 0 , 0 
Sanele Nohamba,,south-africa-a,2021, 0 , 0 , 0 , 0 , 0 , 0 , 21 , 0 , 3 , 0 , 0 , 1 , 0 , 0 , 0 , 1 , 0 , 0 
Sibusiso Nkosi,Wing,south-africa-a,2021, 5 , 1 , 18 , 2 , 1 , 0 , 0 , 0 , 1 , 0 , 0 , 7 , 8 , 2 , 2 , 0 , 0 , 0 
Wandisile Simelane,Centre 13,south-africa-a,2021, 5 , 1 , 2 , 4 , 1 , 0 , 2 , 1 , 0 , 0 , 0 , 2 , 2 , 1 , 0 , 1 , 1 , 0 
Yaw Penxe,Left Wing,south-africa-a,2021, 0 , 0 , 8 , 2 , 0 , 0 , 1 , 0 , 0 , 0 , 0 , 2 , 2 , 0 , 0 , 1 , 0 , 0 
Afa Tauli,Number 8,spain,2021, 0 , 0 , 0 , 1 , 0 , 0 , 0 , 0 , 0 , 0 , 0 , 1 , 0 , 0 , 1 , 1 , 0 , 0 
Anibal Bonan,Lock 4,spain,2021,,,,,,,,,,,,,,,,,,
Asier Usarraga,Blindside flanker,spain,2021,,,,,,,,,,,,,,,,,,
Fabien Perrin, Hooker,spain,2021,,,,,,,,,,,,,,,,,,
Fernando Lopez,Loosehead Prop,spain,2021,,,,,,,,,,,,,,,,,,
Fred Quercy,Number 8,spain,2021,,,,,,,,,,,,,,,,,,
Gautier Gibouin,Blindside Flanker,spain,2021,,,,,,,,,,,,,,,,,,
Jon Zabala Arrieta,Prop,spain,2021,,,,,,,,,,,,,,,,,,
Manuel Mora,Lock 5,spain,2021, 0 , 0 , -1 , 1 , 0 , 0 , 0 , 0 , 0 , 0 , 0 , 0 , 0 , 0 , 1 , 0 , 0 , 0 
Marco Pinto Ferrer, Hooker,spain,2021, 0 , 0 , 2 , 1 , 0 , 0 , 0 , 0 , 0 , 0 , 0 , 0 , 0 , 0 , 0 , 0 , 0 , 0 
Michael Walker-Fitton,Blindside flanker,spain,2021,,,,,,,,,,,,,,,,,,
Thierry Futeu, Hooker,spain,2021,,,,,,,,,,,,,,,,,,
Victor Sanchez,Lock 4,spain,2021,,,,,,,,,,,,,,,,,,
 Gavin Van Den Berg,Fullback,spain,2021,,,,,,,,,,,,,,,,,,
Alvar Gimeno,Centre 12,spain,2021, 0 , 0 , 3 , 1 , 0 , 0 , 1 , 0 , 0 , 0 , 0 , 1 , 1 , 0 , 0 , 0 , 0 , 0 
Bautista Guemes,Fly Half,spain,2021, 0 , 0 , 2 , 1 , 0 , 0 , 2 , 0 , 0 , 0 , 0 , 1 , 0 , 0 , 0 , 0 , 0 , 0 
Charly Malie,Fullback,spain,2021,,,,,,,,,,,,,,,,,,
Facundo Nahuel Dominguez,Fullback,spain,2021, 0 , 0 , 0 , 0 , 0 , 0 , 0 , 0 , 0 , 0 , 0 , 1 , 0 , 0 , 0 , 0 , 0 , 0 
Gauthier Minguillon,Left wing,spain,2021,,,,,,,,,,,,,,,,,,
Guillaume Rouet,Scrum half,spain,2021, 0 , 0 , 0 , 0 , 0 , 0 , 5 , 0 , 0 , 0 , 0 , 0 , 1 , 0 , 0 , 0 , 0 , 0 
Inaki Mateu,Fullback,spain,2021,,,,,,,,,,,,,,,,,,
Joel Merkler,Fullback,spain,2021,,,,,,,,,,,,,,,,,,
Jordi Jorba,Left Wing,spain,2021, 0 , 0 , 0 , 0 , 0 , 0 , 0 , 0 , 0 , 0 , 0 , 0 , 1 , 0 , 0 , 1 , 0 , 0 
Julien Goia,Left wing,spain,2021,,,,,,,,,,,,,,,,,,
Lucas Guillaume,Right Wing,spain,2021,,,,,,,,,,,,,,,,,,
Manuel Ordas,,spain,2021,,,,,,,,,,,,,,,,,,
Mathieu Belie,Fullback,spain,2021,,,,,,,,,,,,,,,,,,
Matthew Foulds,Right Wing,spain,2021,,,,,,,,,,,,,,,,,,
Micheal Hogg,Fullback,spain,2021,,,,,,,,,,,,,,,,,,
Santiago Ovejero,Fullback,spain,2021,,,,,,,,,,,,,,,,,,
Tomas Munilla,Fullback,spain,2021,,,,,,,,,,,,,,,,,,
Andrew Guerra,Fullback,usa,2021,,,,,,,,,,,,,,,,,,
Antonin Berruyer,Flanker 6,usa,2021, 16 , 0 , 15 , 10 , 5 , 0 , 45 , 0 , 13 , 5 , 2 , 24 , 2 , 0 , 6 , 1 , 0 , 0 
Ben Bonasso,Blindside flanker,usa,2021, 0 , 0 , -1 , 1 , 0 , 0 , 0 , 0 , 0 , 0 , 0 , 2 , 0 , 0 , 0 , 0 , 0 , 0 
Ben Nutley,Number 8,usa,2021,,,,,,,,,,,,,,,,,,
Cameron Dolan,Number 8,usa,2021, 5 , 1 , 7 , 10 , 1 , 0 , 9 , 2 , 0 , 0 , 0 , 17 , 3 , 5 , 2 , 1 , 0 , 0 
Chad Gough, Hooker,usa,2021, 0 , 0 , 1 , 1 , 0 , 0 , 2 , 1 , 0 , 0 , 0 , 5 , 0 , 1 , 1 , 0 , 0 , 0 
David Ainu'u,Prop,usa,2021, 0 , 0 , 8 , 10 , 0 , 0 , 0 , 0 , 0 , 0 , 0 , 11 , 2 , 1 , 1 , 2 , 0 , 0 
Dino Waldren,Prop,usa,2021, 0 , 0 , 1 , 3 , 0 , 0 , 2 , 1 , 0 , 0 , 0 , 5 , 1 , 0 , 1 , 2 , 0 , 0 
Dylan Fawsitt,Hooker,usa,2021, 0 , 0 , 3 , 3 , 0 , 0 , 1 , 0 , 0 , 0 , 0 , 5 , 0 , 0 , 1 , 1 , 0 , 0 
Greg Peterson,Lock,usa,2021, 0 , 0 , 23 , 13 , 0 , 0 , 3 , 1 , 0 , 0 , 0 , 13 , 0 , 0 , 4 , 1 , 0 , 0 
Hanco Germishuys,Flanker 7,usa,2021, 5 , 1 , 38 , 17 , 1 , 0 , 4 , 1 , 0 , 0 , 0 , 20 , 5 , 2 , 2 , 1 , 0 , 0 
Jamason Fa'anana Shultz,Lock,usa,2021, 5 , 1 , 4 , 6 , 0 , 0 , 2 , 0 , 0 , 0 , 0 , 7 , 0 , 0 , 1 , 1 , 0 , 0 
Joe Taufete'e,Hooker,usa,2021, 0 , 0 , 18 , 10 , 0 , 0 , 4 , 1 , 0 , 0 , 0 , 11 , 0 , 1 , 3 , 1 , 0 , 0 
Matt Harmon,Loosehead Prop,usa,2021, 0 , 0 , 5 , 6 , 0 , 0 , 2 , 0 , 0 , 0 , 0 , 17 , 2 , 0 , 0 , 0 , 0 , 0 
Mike Sosene Feagai,Hooker,usa,2021, 0 , 0 , 12 , 3 , 0 , 0 , 2 , 0 , 0 , 0 , 0 , 2 , 0 , 0 , 2 , 0 , 0 , 0 
Nate Brakeley,Lock,usa,2021, 0 , 0 , 0 , 4 , 0 , 0 , 0 , 0 , 0 , 0 , 0 , 22 , 2 , 0 , 1 , 1 , 0 , 0 
Nick Civetta,Lock,usa,2021, 0 , 0 , 7 , 13 , 0 , 0 , 3 , 0 , 0 , 0 , 0 , 25 , 5 , 0 , 1 , 4 , 0 , 0 
Paul Mullen,Prop,usa,2021, 0 , 0 , 7 , 6 , 0 , 0 , 1 , 1 , 0 , 0 , 0 , 17 , 5 , 0 , 0 , 2 , 0 , 0 
Psalm Wooching,Flanker 6,usa,2021, 0 , 0 , 9 , 7 , 2 , 0 , 0 , 0 , 0 , 0 , 0 , 2 , 0 , 0 , 2 , 0 , 0 , 0 
Riekert Hattingh,Openside flanker,usa,2021, 0 , 0 , 21 , 10 , 1 , 0 , 2 , 0 , 0 , 0 , 0 , 23 , 2 , 0 , 2 , 1 , 0 , 1 
Rob Hawkins,Hooker,usa,2021,,,,,,,,,,,,,,,,,,
Bryce Campbell,Centre,usa,2021, 0 , 0 , 28 , 14 , 1 , 0 , 9 , 0 , 0 , 0 , 0 , 18 , 3 , 0 , 0 , 0 , 0 , 0 
Calvin Whiting,Centre 12,usa,2021, 0 , 0 , 32 , 13 , 1 , 0 , 5 , 0 , 0 , 0 , 0 , 26 , 5 , 0 , 2 , 0 , 0 , 0 
Christian Dyer,Fullback,usa,2021, 5 , 1 , 7 , 5 , 0 , 0 , 3 , 0 , 0 , 0 , 0 , 10 , 5 , 1 , 1 , 2 , 0 , 0 
Faka'osi Pifeleti,Fullback,usa,2021, 0 , 0 , 2 , 2 , 0 , 0 , 0 , 0 , 0 , 0 , 0 , 2 , 1 , 0 , 0 , 0 , 0 , 0 
Kapeli Pifeleti,,usa,2021, 0 , 0 , 7 , 3 , 0 , 0 , 0 , 0 , 0 , 0 , 0 , 4 , 1 , 0 , 1 , 0 , 0 , 0 
Marcel Brache,Wing,usa,2021, 0 , 0 , 9 , 4 , 1 , 0 , 0 , 0 , 2 , 0 , 0 , 0 , 2 , 0 , 0 , 0 , 0 , 0 
Michael Baska,Scrum Half,usa,2021, 5 , 1 , 1 , 1 , 0 , 0 , 55 , 1 , 1 , 0 , 0 , 6 , 6 , 0 , 1 , 0 , 0 , 0 
Michael Dowsett,Scrum half,usa,2021,,,,,,,,,,,,,,,,,,
Mika Kruse,Right Wing,usa,2021, 0 , 0 , 8 , 5 , 0 , 0 , 5 , 2 , 1 , 0 , 0 , 9 , 3 , 0 , 5 , 0 , 0 , 0 
Mike Dabulas,Fullback,usa,2021,,,,,,,,,,,,,,,,,,
Mike Te'o,Wing,usa,2021, 0 , 0 , 36 , 11 , 0 , 0 , 6 , 0 , 0 , 0 , 0 , 11 , 0 , 0 , 2 , 2 , 0 , 0 
Nate Augspurger,Scrum half,usa,2021, 5 , 1 , 31 , 9 , 2 , 1 , 37 , 1 , 1 , 0 , 0 , 15 , 5 , 2 , 4 , 0 , 0 , 0 
Ross Adair,Wing,usa,2021,,,,,,,,,,,,,,,,,,
Ruben De Haas,Scrum half,usa,2021, 0 , 0 , 17 , 2 , 0 , 0 , 87 , 0 , 17 , 0 , 0 , 10 , 1 , 0 , 5 , 0 , 0 , 0 
Ryan James,Left Wing,usa,2021, 0 , 0 , 5 , 2 , 0 , 0 , 0 , 0 , 0 , 0 , 0 , 2 , 1 , 0 , 1 , 0 , 0 , 0 
Ryan Matyas,Wing,usa,2021, 5 , 1 , 9 , 5 , 0 , 0 , 0 , 0 , 0 , 0 , 0 , 7 , 5 , 0 , 1 , 1 , 0 , 0 
Siaosi Mahoni,Fullback,usa,2021, 0 , 0 , 3 , 2 , 0 , 0 , 0 , 0 , 0 , 0 , 0 , 5 , 0 , 0 , 0 , 0 , 0 , 0 
Tavita Lopeti,Outside centre,usa,2021,,,,,,,,,,,,,,,,,,
Tesimoni Tongauiha,Fullback,usa,2021,,,,,,,,,,,,,,,,,,
Will Hooley,Fullback,usa,2021, 0 , 0 , 2 , 2 , 0 , 0 , 4 , 0 , 0 , 0 , 0 , 0 , 4 , 0 , 0 , 0 , 0 , 0 
Will Magie,Fly half,usa,2021, 2 , 0 , 0 , 0 , 0 , 0 , 8 , 0 , 1 , 1 , 0 , 1 , 0 , 0 , 0 , 0 , 0 , 0 
